scenario,scenario_category,varied_assumption,demand_multiplier,wind_shear_alpha,pv_generation_multiplier,wind_capex_multiplier,pv_capex_multiplier,battery_capex_multiplier,target,design_key,wind_key,wind_count,pv_key,pv_count,battery_key,battery_count,installed_wind_kw,installed_pv_dc_kw,installed_pv_ac_kw,installed_usable_battery_kwh,load_profile,annual_load_kwh,annual_raw_renewable_generation_kwh,wind_generation_kwh,pv_generation_kwh,served_energy_kwh,served_fraction,lpsp,unmet_energy_kwh,loss_of_load_hours,longest_deficit_hours,maximum_hourly_deficit_kwh,curtailed_energy_kwh,battery_charge_kwh,battery_discharge_kwh,ending_soc_kwh,energy_conservation_residual_kwh,initial_capex_usd,net_present_cost_usd,equivalent_annual_cost_usd,economic_classes,reference_capex_basis,economic_sources,cost_per_served_kwh_usd,meets_95_target,meets_99_target,served_fraction_margin,design_basis
nominal,baseline,none,1.0,0.2317610498,1.0,1.0,1.0,1.0,0.95,w=bergey_excel_15:131|pv=trina_tsm_450_neg9r28__fronius_tauro_eco_100:83|b=tesla_megapack_2h:4,bergey_excel_15,131,trina_tsm_450_neg9r28__fronius_tauro_eco_100,83,tesla_megapack_2h,4,2043.6,8291.7,8300.0,15416.0,community_facility_like,8020000.0,14458658.578163773,2869335.5923228464,11589322.985840926,7681605.344050198,0.9578061526247129,0.04219384737528707,338394.6559498023,570,113,1698.8656504785536,6676648.175957913,1250113.2105053004,1149708.1523496273,412.85991107535347,2.989545464515686e-07,36516842.0,49377453.830776535,2835642.0508343205,"{'wind': 'distributed_wind_reference', 'pv': 'utility_scale_pv', 'battery': 'generic_lithium_ion_storage_reference'}","{'wind': '8425.0 USD/kW', 'pv': '1430.0 USD/kWac', 'battery': '482.0 USD/kWh'}","{'wind': 'https://www.nrel.gov/docs/fy24osti/88335.pdf', 'pv': 'https://atb.nrel.gov/electricity/2024/utility-scale_pv', 'battery': 'https://www.nrel.gov/docs/fy23osti/85332.pdf'}",0.36914706286371146,True,False,0.007806152624712959,fixed_nominal
nominal,baseline,none,1.0,0.2317610498,1.0,1.0,1.0,1.0,0.95,w=bergey_excel_15:131|pv=trina_tsm_450_neg9r28__fronius_tauro_eco_100:83|b=tesla_megapack_2h:4,bergey_excel_15,131,trina_tsm_450_neg9r28__fronius_tauro_eco_100,83,tesla_megapack_2h,4,2043.6,8291.7,8300.0,15416.0,flat_within_month,8020000.0,14458658.578163773,2869335.5923228464,11589322.985840926,7647318.464583826,0.9535309806214247,0.04646901937857523,372681.53541617334,528,48,954.3010752688172,6591025.663604181,2753930.624697066,2533616.174721296,0.0,7.729977369308472e-08,36516842.0,49377453.830776535,2835642.0508343205,"{'wind': 'distributed_wind_reference', 'pv': 'utility_scale_pv', 'battery': 'generic_lithium_ion_storage_reference'}","{'wind': '8425.0 USD/kW', 'pv': '1430.0 USD/kWac', 'battery': '482.0 USD/kWh'}","{'wind': 'https://www.nrel.gov/docs/fy24osti/88335.pdf', 'pv': 'https://atb.nrel.gov/electricity/2024/utility-scale_pv', 'battery': 'https://www.nrel.gov/docs/fy23osti/85332.pdf'}",0.3708021398568287,True,False,0.003530980621424762,fixed_nominal
nominal,baseline,none,1.0,0.2317610498,1.0,1.0,1.0,1.0,0.95,w=bergey_excel_15:131|pv=trina_tsm_450_neg9r28__fronius_tauro_eco_100:83|b=tesla_megapack_2h:4,bergey_excel_15,131,trina_tsm_450_neg9r28__fronius_tauro_eco_100,83,tesla_megapack_2h,4,2043.6,8291.7,8300.0,15416.0,residential_like,8020000.0,14458658.578163773,2869335.5923228464,11589322.985840926,7622014.453945452,0.9503758670754928,0.049624132924507215,397985.5460545479,532,41,1541.5632754342432,6589556.187030089,3088599.2148529533,2841511.277664723,0.0,9.336508810520172e-08,36516842.0,49377453.830776535,2835642.0508343205,"{'wind': 'distributed_wind_reference', 'pv': 'utility_scale_pv', 'battery': 'generic_lithium_ion_storage_reference'}","{'wind': '8425.0 USD/kW', 'pv': '1430.0 USD/kWac', 'battery': '482.0 USD/kWh'}","{'wind': 'https://www.nrel.gov/docs/fy24osti/88335.pdf', 'pv': 'https://atb.nrel.gov/electricity/2024/utility-scale_pv', 'battery': 'https://www.nrel.gov/docs/fy23osti/85332.pdf'}",0.37203315054939073,True,False,0.0003758670754928639,fixed_nominal
nominal,baseline,none,1.0,0.2317610498,1.0,1.0,1.0,1.0,0.99,w=bergey_excel_15:319|pv=trina_tsm_450_neg9r28__fronius_tauro_eco_100:202|b=tesla_megapack_2h:6,bergey_excel_15,319,trina_tsm_450_neg9r28__fronius_tauro_eco_100,202,tesla_megapack_2h,6,4976.4,20179.800000000003,20200.0,23124.0,community_facility_like,8020000.0,35192500.995976694,6987160.717183115,28205340.278793577,7950358.9514392,0.9913165774861846,0.008683422513815408,69641.04856079958,124,34,1698.8656504785536,27160877.11172396,753008.9045771208,671743.9717636103,21919.26503792342,3.873283276334405e-07,81957938.0,105785485.70102578,6075035.230650003,"{'wind': 'distributed_wind_reference', 'pv': 'utility_scale_pv', 'battery': 'generic_lithium_ion_storage_reference'}","{'wind': '8425.0 USD/kW', 'pv': '1430.0 USD/kWac', 'battery': '482.0 USD/kWh'}","{'wind': 'https://www.nrel.gov/docs/fy24osti/88335.pdf', 'pv': 'https://atb.nrel.gov/electricity/2024/utility-scale_pv', 'battery': 'https://www.nrel.gov/docs/fy23osti/85332.pdf'}",0.7641208740078685,True,True,0.0013165774861846335,fixed_nominal
nominal,baseline,none,1.0,0.2317610498,1.0,1.0,1.0,1.0,0.99,w=bergey_excel_15:319|pv=trina_tsm_450_neg9r28__fronius_tauro_eco_100:202|b=tesla_megapack_2h:6,bergey_excel_15,319,trina_tsm_450_neg9r28__fronius_tauro_eco_100,202,tesla_megapack_2h,6,4976.4,20179.800000000003,20200.0,23124.0,flat_within_month,8020000.0,35192500.995976694,6987160.717183115,28205340.278793577,7940242.960117404,0.9900552319348385,0.00994476806516156,79757.03988259571,105,17,954.3010752688172,27085512.22266995,1847662.7382929728,1680916.925103574,19738.802368187386,1.3684621080756187e-07,81957938.0,105785485.70102578,6075035.230650003,"{'wind': 'distributed_wind_reference', 'pv': 'utility_scale_pv', 'battery': 'generic_lithium_ion_storage_reference'}","{'wind': '8425.0 USD/kW', 'pv': '1430.0 USD/kWac', 'battery': '482.0 USD/kWh'}","{'wind': 'https://www.nrel.gov/docs/fy24osti/88335.pdf', 'pv': 'https://atb.nrel.gov/electricity/2024/utility-scale_pv', 'battery': 'https://www.nrel.gov/docs/fy23osti/85332.pdf'}",0.7650943757217447,True,True,5.523193483847333e-05,fixed_nominal
nominal,baseline,none,1.0,0.2317610498,1.0,1.0,1.0,1.0,0.99,w=bergey_excel_15:319|pv=trina_tsm_450_neg9r28__fronius_tauro_eco_100:202|b=tesla_megapack_2h:6,bergey_excel_15,319,trina_tsm_450_neg9r28__fronius_tauro_eco_100,202,tesla_megapack_2h,6,4976.4,20179.800000000003,20200.0,23124.0,residential_like,8020000.0,35192500.995976694,6987160.717183115,28205340.278793577,7940013.515341874,0.9900266228605829,0.00997337713941716,79986.48465812563,109,16,1541.5632754342432,27074060.126413558,2031969.094545262,1853541.7403240707,16545.438033457525,2.922752173617482e-07,81957938.0,105785485.70102578,6075035.230650003,"{'wind': 'distributed_wind_reference', 'pv': 'utility_scale_pv', 'battery': 'generic_lithium_ion_storage_reference'}","{'wind': '8425.0 USD/kW', 'pv': '1430.0 USD/kWac', 'battery': '482.0 USD/kWh'}","{'wind': 'https://www.nrel.gov/docs/fy24osti/88335.pdf', 'pv': 'https://atb.nrel.gov/electricity/2024/utility-scale_pv', 'battery': 'https://www.nrel.gov/docs/fy23osti/85332.pdf'}",0.76511648486639,True,True,2.6622860582858898e-05,fixed_nominal
demand_low,one_factor,demand_multiplier,0.9,0.2317610498,1.0,1.0,1.0,1.0,0.95,w=bergey_excel_15:131|pv=trina_tsm_450_neg9r28__fronius_tauro_eco_100:83|b=tesla_megapack_2h:4,bergey_excel_15,131,trina_tsm_450_neg9r28__fronius_tauro_eco_100,83,tesla_megapack_2h,4,2043.6,8291.7,8300.0,15416.0,community_facility_like,7218000.0,14458658.578163773,2869335.5923228464,11589322.985840926,6982004.184271086,0.9673045420159443,0.032695457984055654,235995.8157289137,444,110,1528.9790854306982,7390151.720672453,1075609.8078872738,989107.1346670316,473.21156618971065,1.389416866004467e-07,36516842.0,49377453.830776535,2835642.0508343205,"{'wind': 'distributed_wind_reference', 'pv': 'utility_scale_pv', 'battery': 'generic_lithium_ion_storage_reference'}","{'wind': '8425.0 USD/kW', 'pv': '1430.0 USD/kWac', 'battery': '482.0 USD/kWh'}","{'wind': 'https://www.nrel.gov/docs/fy24osti/88335.pdf', 'pv': 'https://atb.nrel.gov/electricity/2024/utility-scale_pv', 'battery': 'https://www.nrel.gov/docs/fy23osti/85332.pdf'}",0.40613582805097653,True,False,0.017304542015944335,fixed_nominal
demand_low,one_factor,demand_multiplier,0.9,0.2317610498,1.0,1.0,1.0,1.0,0.95,w=bergey_excel_15:131|pv=trina_tsm_450_neg9r28__fronius_tauro_eco_100:83|b=tesla_megapack_2h:4,bergey_excel_15,131,trina_tsm_450_neg9r28__fronius_tauro_eco_100,83,tesla_megapack_2h,4,2043.6,8291.7,8300.0,15416.0,flat_within_month,7218000.0,14458658.578163773,2869335.5923228464,11589322.985840926,6951902.396145953,0.9631341640545792,0.03686583594542081,266097.6038540474,412,45,858.8709677419355,7314604.1016907245,2401901.004088783,2209748.9237616854,0.0,8.568167686462402e-08,36516842.0,49377453.830776535,2835642.0508343205,"{'wind': 'distributed_wind_reference', 'pv': 'utility_scale_pv', 'battery': 'generic_lithium_ion_storage_reference'}","{'wind': '8425.0 USD/kW', 'pv': '1430.0 USD/kWac', 'battery': '482.0 USD/kWh'}","{'wind': 'https://www.nrel.gov/docs/fy24osti/88335.pdf', 'pv': 'https://atb.nrel.gov/electricity/2024/utility-scale_pv', 'battery': 'https://www.nrel.gov/docs/fy23osti/85332.pdf'}",0.40789439915128334,True,False,0.013134164054579234,fixed_nominal
demand_low,one_factor,demand_multiplier,0.9,0.2317610498,1.0,1.0,1.0,1.0,0.95,w=bergey_excel_15:131|pv=trina_tsm_450_neg9r28__fronius_tauro_eco_100:83|b=tesla_megapack_2h:4,bergey_excel_15,131,trina_tsm_450_neg9r28__fronius_tauro_eco_100,83,tesla_megapack_2h,4,2043.6,8291.7,8300.0,15416.0,residential_like,7218000.0,14458658.578163773,2869335.5923228464,11589322.985840926,6935350.268069178,0.9608409903116069,0.039159009688393136,282649.73193082167,420,41,1387.4069478908189,7307875.38077792,2692911.616458502,2477478.6871418264,0.0,4.336470738053322e-09,36516842.0,49377453.830776535,2835642.0508343205,"{'wind': 'distributed_wind_reference', 'pv': 'utility_scale_pv', 'battery': 'generic_lithium_ion_storage_reference'}","{'wind': '8425.0 USD/kW', 'pv': '1430.0 USD/kWac', 'battery': '482.0 USD/kWh'}","{'wind': 'https://www.nrel.gov/docs/fy24osti/88335.pdf', 'pv': 'https://atb.nrel.gov/electricity/2024/utility-scale_pv', 'battery': 'https://www.nrel.gov/docs/fy23osti/85332.pdf'}",0.40886789292962006,True,False,0.010840990311606902,fixed_nominal
demand_low,one_factor,demand_multiplier,0.9,0.2317610498,1.0,1.0,1.0,1.0,0.99,w=bergey_excel_15:319|pv=trina_tsm_450_neg9r28__fronius_tauro_eco_100:202|b=tesla_megapack_2h:6,bergey_excel_15,319,trina_tsm_450_neg9r28__fronius_tauro_eco_100,202,tesla_megapack_2h,6,4976.4,20179.800000000003,20200.0,23124.0,community_facility_like,7218000.0,35192500.995976694,6987160.717183115,28205340.278793577,7169676.870613985,0.9933051912737578,0.006694808726242119,48323.129386015615,107,32,1528.9790854306982,27949065.19655941,644739.5896784466,570980.6608751544,23124.0,1.043081283569336e-07,81957938.0,105785485.70102578,6075035.230650003,"{'wind': 'distributed_wind_reference', 'pv': 'utility_scale_pv', 'battery': 'generic_lithium_ion_storage_reference'}","{'wind': '8425.0 USD/kW', 'pv': '1430.0 USD/kWac', 'battery': '482.0 USD/kWh'}","{'wind': 'https://www.nrel.gov/docs/fy24osti/88335.pdf', 'pv': 'https://atb.nrel.gov/electricity/2024/utility-scale_pv', 'battery': 'https://www.nrel.gov/docs/fy23osti/85332.pdf'}",0.8473234345538587,True,True,0.003305191273757835,fixed_nominal
demand_low,one_factor,demand_multiplier,0.9,0.2317610498,1.0,1.0,1.0,1.0,0.99,w=bergey_excel_15:319|pv=trina_tsm_450_neg9r28__fronius_tauro_eco_100:202|b=tesla_megapack_2h:6,bergey_excel_15,319,trina_tsm_450_neg9r28__fronius_tauro_eco_100,202,tesla_megapack_2h,6,4976.4,20179.800000000003,20200.0,23124.0,flat_within_month,7218000.0,35192500.995976694,6987160.717183115,28205340.278793577,7160567.373802715,0.9920431385152002,0.007956861484799842,57432.62619728525,87,16,858.8709677419355,27884473.20283802,1579444.92581274,1431984.5064767294,22003.301375786476,4.507601261138916e-07,81957938.0,105785485.70102578,6075035.230650003,"{'wind': 'distributed_wind_reference', 'pv': 'utility_scale_pv', 'battery': 'generic_lithium_ion_storage_reference'}","{'wind': '8425.0 USD/kW', 'pv': '1430.0 USD/kWac', 'battery': '482.0 USD/kWh'}","{'wind': 'https://www.nrel.gov/docs/fy24osti/88335.pdf', 'pv': 'https://atb.nrel.gov/electricity/2024/utility-scale_pv', 'battery': 'https://www.nrel.gov/docs/fy23osti/85332.pdf'}",0.8484013784823554,True,True,0.0020431385152002157,fixed_nominal
demand_low,one_factor,demand_multiplier,0.9,0.2317610498,1.0,1.0,1.0,1.0,0.99,w=bergey_excel_15:319|pv=trina_tsm_450_neg9r28__fronius_tauro_eco_100:202|b=tesla_megapack_2h:6,bergey_excel_15,319,trina_tsm_450_neg9r28__fronius_tauro_eco_100,202,tesla_megapack_2h,6,4976.4,20179.800000000003,20200.0,23124.0,residential_like,7218000.0,35192500.995976694,6987160.717183115,28205340.278793577,7160479.844744346,0.9920310120177814,0.00796898798221855,57520.15525565349,94,15,1387.4069478908189,27875524.27955831,1728873.6327769111,1572376.7611028499,18961.238487522718,1.3614771887660027e-07,81957938.0,105785485.70102578,6075035.230650003,"{'wind': 'distributed_wind_reference', 'pv': 'utility_scale_pv', 'battery': 'generic_lithium_ion_storage_reference'}","{'wind': '8425.0 USD/kW', 'pv': '1430.0 USD/kWac', 'battery': '482.0 USD/kWh'}","{'wind': 'https://www.nrel.gov/docs/fy24osti/88335.pdf', 'pv': 'https://atb.nrel.gov/electricity/2024/utility-scale_pv', 'battery': 'https://www.nrel.gov/docs/fy23osti/85332.pdf'}",0.8484117492641169,True,True,0.0020310120177814417,fixed_nominal
demand_high,one_factor,demand_multiplier,1.1,0.2317610498,1.0,1.0,1.0,1.0,0.95,w=bergey_excel_15:131|pv=trina_tsm_450_neg9r28__fronius_tauro_eco_100:83|b=tesla_megapack_2h:4,bergey_excel_15,131,trina_tsm_450_neg9r28__fronius_tauro_eco_100,83,tesla_megapack_2h,4,2043.6,8291.7,8300.0,15416.0,community_facility_like,8822000.0,14458658.578163773,2869335.5923228464,11589322.985840926,8366263.323785622,0.948340889116484,0.051659110883516,455736.67621437815,676,118,1868.7522155264091,5977504.901424226,1431902.986408831,1317012.633454898,352.5082559609962,2.671731635928154e-08,36516842.0,49377453.830776535,2835642.0508343205,"{'wind': 'distributed_wind_reference', 'pv': 'utility_scale_pv', 'battery': 'generic_lithium_ion_storage_reference'}","{'wind': '8425.0 USD/kW', 'pv': '1430.0 USD/kWac', 'battery': '482.0 USD/kWh'}","{'wind': 'https://www.nrel.gov/docs/fy24osti/88335.pdf', 'pv': 'https://atb.nrel.gov/electricity/2024/utility-scale_pv', 'battery': 'https://www.nrel.gov/docs/fy23osti/85332.pdf'}",0.33893770027205294,False,False,-0.0016591108835160018,fixed_nominal
demand_high,one_factor,demand_multiplier,1.1,0.2317610498,1.0,1.0,1.0,1.0,0.95,w=bergey_excel_15:131|pv=trina_tsm_450_neg9r28__fronius_tauro_eco_100:83|b=tesla_megapack_2h:4,bergey_excel_15,131,trina_tsm_450_neg9r28__fronius_tauro_eco_100,83,tesla_megapack_2h,4,2043.6,8291.7,8300.0,15416.0,flat_within_month,8822000.0,14458658.578163773,2869335.5923228464,11589322.985840926,8307380.53066326,0.9416663489756586,0.05833365102434142,514619.46933674,675,81,1049.731182795699,5904067.430792404,3090132.7088513975,2842922.0921432823,0.0,4.44706529378891e-08,36516842.0,49377453.830776535,2835642.0508343205,"{'wind': 'distributed_wind_reference', 'pv': 'utility_scale_pv', 'battery': 'generic_lithium_ion_storage_reference'}","{'wind': '8425.0 USD/kW', 'pv': '1430.0 USD/kWac', 'battery': '482.0 USD/kWh'}","{'wind': 'https://www.nrel.gov/docs/fy24osti/88335.pdf', 'pv': 'https://atb.nrel.gov/electricity/2024/utility-scale_pv', 'battery': 'https://www.nrel.gov/docs/fy23osti/85332.pdf'}",0.34134009395232595,False,False,-0.00833365102434136,fixed_nominal
demand_high,one_factor,demand_multiplier,1.1,0.2317610498,1.0,1.0,1.0,1.0,0.95,w=bergey_excel_15:131|pv=trina_tsm_450_neg9r28__fronius_tauro_eco_100:83|b=tesla_megapack_2h:4,bergey_excel_15,131,trina_tsm_450_neg9r28__fronius_tauro_eco_100,83,tesla_megapack_2h,4,2043.6,8291.7,8300.0,15416.0,residential_like,8822000.0,14458658.578163773,2869335.5923228464,11589322.985840926,8264758.329120534,0.9368349953661905,0.06316500463380943,557241.6708794668,689,45,1695.7196029776676,5917446.431952369,3455672.7136358144,3179218.896544956,0.0,7.159542292356491e-08,36516842.0,49377453.830776535,2835642.0508343205,"{'wind': 'distributed_wind_reference', 'pv': 'utility_scale_pv', 'battery': 'generic_lithium_ion_storage_reference'}","{'wind': '8425.0 USD/kW', 'pv': '1430.0 USD/kWac', 'battery': '482.0 USD/kWh'}","{'wind': 'https://www.nrel.gov/docs/fy24osti/88335.pdf', 'pv': 'https://atb.nrel.gov/electricity/2024/utility-scale_pv', 'battery': 'https://www.nrel.gov/docs/fy23osti/85332.pdf'}",0.343100419626676,False,False,-0.01316500463380943,fixed_nominal
demand_high,one_factor,demand_multiplier,1.1,0.2317610498,1.0,1.0,1.0,1.0,0.99,w=bergey_excel_15:319|pv=trina_tsm_450_neg9r28__fronius_tauro_eco_100:202|b=tesla_megapack_2h:6,bergey_excel_15,319,trina_tsm_450_neg9r28__fronius_tauro_eco_100,202,tesla_megapack_2h,6,4976.4,20179.800000000003,20200.0,23124.0,community_facility_like,8822000.0,35192500.995976694,6987160.717183115,28205340.278793577,8730917.800748346,0.9896755611820842,0.010324438817915817,91082.19925165334,143,35,1868.7522155264091,26373807.672411844,869629.5712908715,781854.0484743479,18980.188341435583,1.83063093572855e-07,81957938.0,105785485.70102578,6075035.230650003,"{'wind': 'distributed_wind_reference', 'pv': 'utility_scale_pv', 'battery': 'generic_lithium_ion_storage_reference'}","{'wind': '8425.0 USD/kW', 'pv': '1430.0 USD/kWac', 'battery': '482.0 USD/kWh'}","{'wind': 'https://www.nrel.gov/docs/fy24osti/88335.pdf', 'pv': 'https://atb.nrel.gov/electricity/2024/utility-scale_pv', 'battery': 'https://www.nrel.gov/docs/fy23osti/85332.pdf'}",0.6958071727727523,True,False,-0.0003244388179157731,fixed_nominal
demand_high,one_factor,demand_multiplier,1.1,0.2317610498,1.0,1.0,1.0,1.0,0.99,w=bergey_excel_15:319|pv=trina_tsm_450_neg9r28__fronius_tauro_eco_100:202|b=tesla_megapack_2h:6,bergey_excel_15,319,trina_tsm_450_neg9r28__fronius_tauro_eco_100,202,tesla_megapack_2h,6,4976.4,20179.800000000003,20200.0,23124.0,flat_within_month,8822000.0,35192500.995976694,6987160.717183115,28205340.278793577,8718649.38279813,0.988284899433023,0.011715100566976997,103350.61720187108,124,17,1049.731182795699,26287053.692562804,2132266.4062714297,1945468.4856557057,16906.98269442371,1.183507265523076e-07,81957938.0,105785485.70102578,6075035.230650003,"{'wind': 'distributed_wind_reference', 'pv': 'utility_scale_pv', 'battery': 'generic_lithium_ion_storage_reference'}","{'wind': '8425.0 USD/kW', 'pv': '1430.0 USD/kWac', 'battery': '482.0 USD/kWh'}","{'wind': 'https://www.nrel.gov/docs/fy24osti/88335.pdf', 'pv': 'https://atb.nrel.gov/electricity/2024/utility-scale_pv', 'battery': 'https://www.nrel.gov/docs/fy23osti/85332.pdf'}",0.6967862754793226,True,False,-0.0017151005669769903,fixed_nominal
demand_high,one_factor,demand_multiplier,1.1,0.2317610498,1.0,1.0,1.0,1.0,0.99,w=bergey_excel_15:319|pv=trina_tsm_450_neg9r28__fronius_tauro_eco_100:202|b=tesla_megapack_2h:6,bergey_excel_15,319,trina_tsm_450_neg9r28__fronius_tauro_eco_100,202,tesla_megapack_2h,6,4976.4,20179.800000000003,20200.0,23124.0,residential_like,8822000.0,35192500.995976694,6987160.717183115,28205340.278793577,8716490.394630576,0.9880401716878912,0.0119598283121088,105509.60536942382,128,17,1695.7196029776676,26275163.7551976,2352687.0379918045,2151840.1918432815,13169.648524748422,3.8809957914054394e-08,81957938.0,105785485.70102578,6075035.230650003,"{'wind': 'distributed_wind_reference', 'pv': 'utility_scale_pv', 'battery': 'generic_lithium_ion_storage_reference'}","{'wind': '8425.0 USD/kW', 'pv': '1430.0 USD/kWac', 'battery': '482.0 USD/kWh'}","{'wind': 'https://www.nrel.gov/docs/fy24osti/88335.pdf', 'pv': 'https://atb.nrel.gov/electricity/2024/utility-scale_pv', 'battery': 'https://www.nrel.gov/docs/fy23osti/85332.pdf'}",0.6969588625247922,True,False,-0.0019598283121088356,fixed_nominal
wind_shear_low,one_factor,wind_shear_alpha,1.0,0.18540883984,1.0,1.0,1.0,1.0,0.95,w=bergey_excel_15:131|pv=trina_tsm_450_neg9r28__fronius_tauro_eco_100:83|b=tesla_megapack_2h:4,bergey_excel_15,131,trina_tsm_450_neg9r28__fronius_tauro_eco_100,83,tesla_megapack_2h,4,2043.6,8291.7,8300.0,15416.0,community_facility_like,8020000.0,14969683.118045505,3380360.1322045787,11589322.985840926,7728182.016596781,0.9636137177801473,0.03638628221985277,291817.9834032192,496,112,1698.8656504785536,7148793.0124459,1151624.993763733,1058916.9047609011,602.699968633295,3.2782554626464844e-07,36516842.0,49377453.830776535,2835642.0508343205,"{'wind': 'distributed_wind_reference', 'pv': 'utility_scale_pv', 'battery': 'generic_lithium_ion_storage_reference'}","{'wind': '8425.0 USD/kW', 'pv': '1430.0 USD/kWac', 'battery': '482.0 USD/kWh'}","{'wind': 'https://www.nrel.gov/docs/fy24osti/88335.pdf', 'pv': 'https://atb.nrel.gov/electricity/2024/utility-scale_pv', 'battery': 'https://www.nrel.gov/docs/fy23osti/85332.pdf'}",0.36692226512582027,True,False,0.013613717780147305,fixed_nominal
wind_shear_low,one_factor,wind_shear_alpha,1.0,0.18540883984,1.0,1.0,1.0,1.0,0.95,w=bergey_excel_15:131|pv=trina_tsm_450_neg9r28__fronius_tauro_eco_100:83|b=tesla_megapack_2h:4,bergey_excel_15,131,trina_tsm_450_neg9r28__fronius_tauro_eco_100,83,tesla_megapack_2h,4,2043.6,8291.7,8300.0,15416.0,flat_within_month,8020000.0,14969683.118045505,3380360.1322045787,11589322.985840926,7699260.893858645,0.9600075927504546,0.03999240724954547,320739.10614135466,459,48,954.3010752688172,7065470.341409603,2561898.5347156664,2356946.651938411,0.0,3.655441105365753e-08,36516842.0,49377453.830776535,2835642.0508343205,"{'wind': 'distributed_wind_reference', 'pv': 'utility_scale_pv', 'battery': 'generic_lithium_ion_storage_reference'}","{'wind': '8425.0 USD/kW', 'pv': '1430.0 USD/kWac', 'battery': '482.0 USD/kWh'}","{'wind': 'https://www.nrel.gov/docs/fy24osti/88335.pdf', 'pv': 'https://atb.nrel.gov/electricity/2024/utility-scale_pv', 'battery': 'https://www.nrel.gov/docs/fy23osti/85332.pdf'}",0.36830055377084114,True,False,0.010007592750454597,fixed_nominal
wind_shear_low,one_factor,wind_shear_alpha,1.0,0.18540883984,1.0,1.0,1.0,1.0,0.95,w=bergey_excel_15:131|pv=trina_tsm_450_neg9r28__fronius_tauro_eco_100:83|b=tesla_megapack_2h:4,bergey_excel_15,131,trina_tsm_450_neg9r28__fronius_tauro_eco_100,83,tesla_megapack_2h,4,2043.6,8291.7,8300.0,15416.0,residential_like,8020000.0,14969683.118045505,3380360.1322045787,11589322.985840926,7676020.973338913,0.9571098470497398,0.04289015295026025,343979.02666108723,466,41,1541.5632754342432,7061459.175306206,2902537.117504925,2670334.1481045284,0.0,1.7974525690078735e-07,36516842.0,49377453.830776535,2835642.0508343205,"{'wind': 'distributed_wind_reference', 'pv': 'utility_scale_pv', 'battery': 'generic_lithium_ion_storage_reference'}","{'wind': '8425.0 USD/kW', 'pv': '1430.0 USD/kWac', 'battery': '482.0 USD/kWh'}","{'wind': 'https://www.nrel.gov/docs/fy24osti/88335.pdf', 'pv': 'https://atb.nrel.gov/electricity/2024/utility-scale_pv', 'battery': 'https://www.nrel.gov/docs/fy23osti/85332.pdf'}",0.3694156204996498,True,False,0.007109847049739826,fixed_nominal
wind_shear_low,one_factor,wind_shear_alpha,1.0,0.18540883984,1.0,1.0,1.0,1.0,0.99,w=bergey_excel_15:319|pv=trina_tsm_450_neg9r28__fronius_tauro_eco_100:202|b=tesla_megapack_2h:6,bergey_excel_15,319,trina_tsm_450_neg9r28__fronius_tauro_eco_100,202,tesla_megapack_2h,6,4976.4,20179.800000000003,20200.0,23124.0,community_facility_like,8020000.0,36436904.26484901,8231563.986055424,28205340.278793577,7959662.181217314,0.9924765811991663,0.007523418800833705,60337.818782686314,112,34,1698.8656504785536,28401501.571415834,669509.3823355748,593768.8701197108,23124.0,3.5762786865234375e-07,81957938.0,105785485.70102578,6075035.230650003,"{'wind': 'distributed_wind_reference', 'pv': 'utility_scale_pv', 'battery': 'generic_lithium_ion_storage_reference'}","{'wind': '8425.0 USD/kW', 'pv': '1430.0 USD/kWac', 'battery': '482.0 USD/kWh'}","{'wind': 'https://www.nrel.gov/docs/fy24osti/88335.pdf', 'pv': 'https://atb.nrel.gov/electricity/2024/utility-scale_pv', 'battery': 'https://www.nrel.gov/docs/fy23osti/85332.pdf'}",0.7632277717747207,True,True,0.0024765811991662723,fixed_nominal
wind_shear_low,one_factor,wind_shear_alpha,1.0,0.18540883984,1.0,1.0,1.0,1.0,0.99,w=bergey_excel_15:319|pv=trina_tsm_450_neg9r28__fronius_tauro_eco_100:202|b=tesla_megapack_2h:6,bergey_excel_15,319,trina_tsm_450_neg9r28__fronius_tauro_eco_100,202,tesla_megapack_2h,6,4976.4,20179.800000000003,20200.0,23124.0,flat_within_month,8020000.0,36436904.26484901,8231563.986055424,28205340.278793577,7950004.012175049,0.9912723207200809,0.008727679279919107,69995.98782495124,97,17,954.3010752688172,28335125.551978312,1629642.8512771325,1477868.1505814733,22314.454218672163,1.7165439203381538e-07,81957938.0,105785485.70102578,6075035.230650003,"{'wind': 'distributed_wind_reference', 'pv': 'utility_scale_pv', 'battery': 'generic_lithium_ion_storage_reference'}","{'wind': '8425.0 USD/kW', 'pv': '1430.0 USD/kWac', 'battery': '482.0 USD/kWh'}","{'wind': 'https://www.nrel.gov/docs/fy24osti/88335.pdf', 'pv': 'https://atb.nrel.gov/electricity/2024/utility-scale_pv', 'battery': 'https://www.nrel.gov/docs/fy23osti/85332.pdf'}",0.7641549892737638,True,True,0.0012723207200808773,fixed_nominal
wind_shear_low,one_factor,wind_shear_alpha,1.0,0.18540883984,1.0,1.0,1.0,1.0,0.99,w=bergey_excel_15:319|pv=trina_tsm_450_neg9r28__fronius_tauro_eco_100:202|b=tesla_megapack_2h:6,bergey_excel_15,319,trina_tsm_450_neg9r28__fronius_tauro_eco_100,202,tesla_megapack_2h,6,4976.4,20179.800000000003,20200.0,23124.0,residential_like,8020000.0,36436904.26484901,8231563.986055424,28205340.278793577,7950006.725574868,0.9912726590492353,0.008727340950764672,69993.27442513267,98,16,1541.5632754342432,28323351.60842906,1817042.217479682,1653496.2866346466,18956.62238995768,2.8847716748714447e-07,81957938.0,105785485.70102578,6075035.230650003,"{'wind': 'distributed_wind_reference', 'pv': 'utility_scale_pv', 'battery': 'generic_lithium_ion_storage_reference'}","{'wind': '8425.0 USD/kW', 'pv': '1430.0 USD/kWac', 'battery': '482.0 USD/kWh'}","{'wind': 'https://www.nrel.gov/docs/fy24osti/88335.pdf', 'pv': 'https://atb.nrel.gov/electricity/2024/utility-scale_pv', 'battery': 'https://www.nrel.gov/docs/fy23osti/85332.pdf'}",0.7641547284616561,True,True,0.0012726590492353473,fixed_nominal
wind_shear_high,one_factor,wind_shear_alpha,1.0,0.27811325976,1.0,1.0,1.0,1.0,0.95,w=bergey_excel_15:131|pv=trina_tsm_450_neg9r28__fronius_tauro_eco_100:83|b=tesla_megapack_2h:4,bergey_excel_15,131,trina_tsm_450_neg9r28__fronius_tauro_eco_100,83,tesla_megapack_2h,4,2043.6,8291.7,8300.0,15416.0,community_facility_like,8020000.0,14004498.123578355,2415175.137737428,11589322.985840926,7631604.0376395965,0.9515715757655356,0.04842842423446432,388395.96236040385,655,114,1698.8656504785536,6264904.297781717,1346937.7861721772,1238947.998015143,244.75970654728218,2.6670750230550766e-07,36516842.0,49377453.830776535,2835642.0508343205,"{'wind': 'distributed_wind_reference', 'pv': 'utility_scale_pv', 'battery': 'generic_lithium_ion_storage_reference'}","{'wind': '8425.0 USD/kW', 'pv': '1430.0 USD/kWac', 'battery': '482.0 USD/kWh'}","{'wind': 'https://www.nrel.gov/docs/fy24osti/88335.pdf', 'pv': 'https://atb.nrel.gov/electricity/2024/utility-scale_pv', 'battery': 'https://www.nrel.gov/docs/fy23osti/85332.pdf'}",0.3715656678266769,True,False,0.0015715757655356821,fixed_nominal
wind_shear_high,one_factor,wind_shear_alpha,1.0,0.27811325976,1.0,1.0,1.0,1.0,0.95,w=bergey_excel_15:131|pv=trina_tsm_450_neg9r28__fronius_tauro_eco_100:83|b=tesla_megapack_2h:4,bergey_excel_15,131,trina_tsm_450_neg9r28__fronius_tauro_eco_100,83,tesla_megapack_2h,4,2043.6,8291.7,8300.0,15416.0,flat_within_month,8020000.0,14004498.123578355,2415175.137737428,11589322.985840926,7589399.814825233,0.9463092038435453,0.05369079615645471,430600.18517476675,603,48,954.3010752688172,6180193.425510925,2936311.0405274983,2701406.157285307,0.0,1.3533281162381172e-07,36516842.0,49377453.830776535,2835642.0508343205,"{'wind': 'distributed_wind_reference', 'pv': 'utility_scale_pv', 'battery': 'generic_lithium_ion_storage_reference'}","{'wind': '8425.0 USD/kW', 'pv': '1430.0 USD/kWac', 'battery': '482.0 USD/kWh'}","{'wind': 'https://www.nrel.gov/docs/fy24osti/88335.pdf', 'pv': 'https://atb.nrel.gov/electricity/2024/utility-scale_pv', 'battery': 'https://www.nrel.gov/docs/fy23osti/85332.pdf'}",0.3736319234750474,False,False,-0.0036907961564546232,fixed_nominal
wind_shear_high,one_factor,wind_shear_alpha,1.0,0.27811325976,1.0,1.0,1.0,1.0,0.95,w=bergey_excel_15:131|pv=trina_tsm_450_neg9r28__fronius_tauro_eco_100:83|b=tesla_megapack_2h:4,bergey_excel_15,131,trina_tsm_450_neg9r28__fronius_tauro_eco_100,83,tesla_megapack_2h,4,2043.6,8291.7,8300.0,15416.0,residential_like,8020000.0,14004498.123578355,2415175.137737428,11589322.985840926,7561396.255742993,0.942817488247256,0.057182511752744025,458603.7442570071,610,41,1541.5632754342432,6182747.545552119,3254429.0285404744,2994074.7062572427,0.0,4.871981218457222e-08,36516842.0,49377453.830776535,2835642.0508343205,"{'wind': 'distributed_wind_reference', 'pv': 'utility_scale_pv', 'battery': 'generic_lithium_ion_storage_reference'}","{'wind': '8425.0 USD/kW', 'pv': '1430.0 USD/kWac', 'battery': '482.0 USD/kWh'}","{'wind': 'https://www.nrel.gov/docs/fy24osti/88335.pdf', 'pv': 'https://atb.nrel.gov/electricity/2024/utility-scale_pv', 'battery': 'https://www.nrel.gov/docs/fy23osti/85332.pdf'}",0.375015665748321,False,False,-0.007182511752743981,fixed_nominal
wind_shear_high,one_factor,wind_shear_alpha,1.0,0.27811325976,1.0,1.0,1.0,1.0,0.99,w=bergey_excel_15:319|pv=trina_tsm_450_neg9r28__fronius_tauro_eco_100:202|b=tesla_megapack_2h:6,bergey_excel_15,319,trina_tsm_450_neg9r28__fronius_tauro_eco_100,202,tesla_megapack_2h,6,4976.4,20179.800000000003,20200.0,23124.0,community_facility_like,8020000.0,34086568.28595571,5881228.007162133,28205340.278793577,7942483.955139197,0.9903346577480295,0.009665342251970431,77516.04486080285,142,35,1698.8656504785536,26058950.374599658,842670.2418158068,757536.285598999,18474.72829832477,3.9339647628366947e-07,81957938.0,105785485.70102578,6075035.230650003,"{'wind': 'distributed_wind_reference', 'pv': 'utility_scale_pv', 'battery': 'generic_lithium_ion_storage_reference'}","{'wind': '8425.0 USD/kW', 'pv': '1430.0 USD/kWac', 'battery': '482.0 USD/kWh'}","{'wind': 'https://www.nrel.gov/docs/fy24osti/88335.pdf', 'pv': 'https://atb.nrel.gov/electricity/2024/utility-scale_pv', 'battery': 'https://www.nrel.gov/docs/fy23osti/85332.pdf'}",0.7648785021113126,True,True,0.0003346577480295432,fixed_nominal
wind_shear_high,one_factor,wind_shear_alpha,1.0,0.27811325976,1.0,1.0,1.0,1.0,0.99,w=bergey_excel_15:319|pv=trina_tsm_450_neg9r28__fronius_tauro_eco_100:202|b=tesla_megapack_2h:6,bergey_excel_15,319,trina_tsm_450_neg9r28__fronius_tauro_eco_100,202,tesla_megapack_2h,6,4976.4,20179.800000000003,20200.0,23124.0,flat_within_month,8020000.0,34086568.28595571,5881228.007162133,28205340.278793577,7932127.069831624,0.9890432755401027,0.010956724459897295,87872.9301683763,113,17,954.3010752688172,25972204.97702476,2077279.8208197549,1895043.5817203708,16737.299210539255,8.288770914077759e-08,81957938.0,105785485.70102578,6075035.230650003,"{'wind': 'distributed_wind_reference', 'pv': 'utility_scale_pv', 'battery': 'generic_lithium_ion_storage_reference'}","{'wind': '8425.0 USD/kW', 'pv': '1430.0 USD/kWac', 'battery': '482.0 USD/kWh'}","{'wind': 'https://www.nrel.gov/docs/fy24osti/88335.pdf', 'pv': 'https://atb.nrel.gov/electricity/2024/utility-scale_pv', 'battery': 'https://www.nrel.gov/docs/fy23osti/85332.pdf'}",0.7658771950029992,True,False,-0.0009567244598972513,fixed_nominal
wind_shear_high,one_factor,wind_shear_alpha,1.0,0.27811325976,1.0,1.0,1.0,1.0,0.99,w=bergey_excel_15:319|pv=trina_tsm_450_neg9r28__fronius_tauro_eco_100:202|b=tesla_megapack_2h:6,bergey_excel_15,319,trina_tsm_450_neg9r28__fronius_tauro_eco_100,202,tesla_megapack_2h,6,4976.4,20179.800000000003,20200.0,23124.0,residential_like,8020000.0,34086568.28595571,5881228.007162133,28205340.278793577,7931689.340237348,0.9889886957901931,0.011011304209806927,88310.65976265156,120,16,1541.5632754342432,25961389.340146925,2259879.250135589,2066389.6445641345,13239.899586636124,3.203749656677246e-07,81957938.0,105785485.70102578,6075035.230650003,"{'wind': 'distributed_wind_reference', 'pv': 'utility_scale_pv', 'battery': 'generic_lithium_ion_storage_reference'}","{'wind': '8425.0 USD/kW', 'pv': '1430.0 USD/kWac', 'battery': '482.0 USD/kWh'}","{'wind': 'https://www.nrel.gov/docs/fy24osti/88335.pdf', 'pv': 'https://atb.nrel.gov/electricity/2024/utility-scale_pv', 'battery': 'https://www.nrel.gov/docs/fy23osti/85332.pdf'}",0.7659194618013384,True,False,-0.0010113042098068847,fixed_nominal
pv_low,one_factor,pv_generation_multiplier,1.0,0.2317610498,0.9,1.0,1.0,1.0,0.95,w=bergey_excel_15:131|pv=trina_tsm_450_neg9r28__fronius_tauro_eco_100:83|b=tesla_megapack_2h:4,bergey_excel_15,131,trina_tsm_450_neg9r28__fronius_tauro_eco_100,83,tesla_megapack_2h,4,2043.6,8291.7,8300.0,15416.0,community_facility_like,8020000.0,13299726.27957968,2869335.5923228464,10430390.687256835,7642902.488553541,0.9529803601687707,0.04701963983122931,377097.51144645904,615,118,1698.8656504785536,5554101.185163011,1279082.556848349,1176359.9509852333,412.85991107535347,2.857414074242115e-07,36516842.0,49377453.830776535,2835642.0508343205,"{'wind': 'distributed_wind_reference', 'pv': 'utility_scale_pv', 'battery': 'generic_lithium_ion_storage_reference'}","{'wind': '8425.0 USD/kW', 'pv': '1430.0 USD/kWac', 'battery': '482.0 USD/kWh'}","{'wind': 'https://www.nrel.gov/docs/fy24osti/88335.pdf', 'pv': 'https://atb.nrel.gov/electricity/2024/utility-scale_pv', 'battery': 'https://www.nrel.gov/docs/fy23osti/85332.pdf'}",0.37101638481992205,True,False,0.0029803601687707904,fixed_nominal
pv_low,one_factor,pv_generation_multiplier,1.0,0.2317610498,0.9,1.0,1.0,1.0,0.95,w=bergey_excel_15:131|pv=trina_tsm_450_neg9r28__fronius_tauro_eco_100:83|b=tesla_megapack_2h:4,bergey_excel_15,131,trina_tsm_450_neg9r28__fronius_tauro_eco_100,83,tesla_megapack_2h,4,2043.6,8291.7,8300.0,15416.0,flat_within_month,8020000.0,13299726.27957968,2869335.5923228464,10430390.687256835,7604224.172263412,0.9481576274642658,0.0518423725357342,415775.82773658825,598,81,954.3010752688172,5475778.342929631,2746547.054832828,2526823.2904462004,0.0,8.94651748239994e-08,36516842.0,49377453.830776535,2835642.0508343205,"{'wind': 'distributed_wind_reference', 'pv': 'utility_scale_pv', 'battery': 'generic_lithium_ion_storage_reference'}","{'wind': '8425.0 USD/kW', 'pv': '1430.0 USD/kWac', 'battery': '482.0 USD/kWh'}","{'wind': 'https://www.nrel.gov/docs/fy24osti/88335.pdf', 'pv': 'https://atb.nrel.gov/electricity/2024/utility-scale_pv', 'battery': 'https://www.nrel.gov/docs/fy23osti/85332.pdf'}",0.372903531852387,False,False,-0.0018423725357341603,fixed_nominal
pv_low,one_factor,pv_generation_multiplier,1.0,0.2317610498,0.9,1.0,1.0,1.0,0.95,w=bergey_excel_15:131|pv=trina_tsm_450_neg9r28__fronius_tauro_eco_100:83|b=tesla_megapack_2h:4,bergey_excel_15,131,trina_tsm_450_neg9r28__fronius_tauro_eco_100,83,tesla_megapack_2h,4,2043.6,8291.7,8300.0,15416.0,residential_like,8020000.0,13299726.27957968,2869335.5923228464,10430390.687256835,7579405.287137614,0.9450630033837424,0.054936996616257616,440594.7128623861,594,45,1541.5632754342432,5472317.057789502,3100049.1831570086,2852045.2485044473,0.0,8.865026757121086e-08,36516842.0,49377453.830776535,2835642.0508343205,"{'wind': 'distributed_wind_reference', 'pv': 'utility_scale_pv', 'battery': 'generic_lithium_ion_storage_reference'}","{'wind': '8425.0 USD/kW', 'pv': '1430.0 USD/kWac', 'battery': '482.0 USD/kWh'}","{'wind': 'https://www.nrel.gov/docs/fy24osti/88335.pdf', 'pv': 'https://atb.nrel.gov/electricity/2024/utility-scale_pv', 'battery': 'https://www.nrel.gov/docs/fy23osti/85332.pdf'}",0.37412461049502865,False,False,-0.004936996616257572,fixed_nominal
pv_low,one_factor,pv_generation_multiplier,1.0,0.2317610498,0.9,1.0,1.0,1.0,0.99,w=bergey_excel_15:319|pv=trina_tsm_450_neg9r28__fronius_tauro_eco_100:202|b=tesla_megapack_2h:6,bergey_excel_15,319,trina_tsm_450_neg9r28__fronius_tauro_eco_100,202,tesla_megapack_2h,6,4976.4,20179.800000000003,20200.0,23124.0,community_facility_like,8020000.0,32371966.968097337,6987160.717183115,25384806.250914223,7941576.364704242,0.9902214918583844,0.009778508141615681,78423.63529575776,137,35,1698.8656504785536,24348909.32533005,765887.3350588284,684406.0569957773,21070.685198285246,3.91155481338501e-07,81957938.0,105785485.70102578,6075035.230650003,"{'wind': 'distributed_wind_reference', 'pv': 'utility_scale_pv', 'battery': 'generic_lithium_ion_storage_reference'}","{'wind': '8425.0 USD/kW', 'pv': '1430.0 USD/kWac', 'battery': '482.0 USD/kWh'}","{'wind': 'https://www.nrel.gov/docs/fy24osti/88335.pdf', 'pv': 'https://atb.nrel.gov/electricity/2024/utility-scale_pv', 'battery': 'https://www.nrel.gov/docs/fy23osti/85332.pdf'}",0.7649659150354651,True,True,0.00022149185838438168,fixed_nominal
pv_low,one_factor,pv_generation_multiplier,1.0,0.2317610498,0.9,1.0,1.0,1.0,0.99,w=bergey_excel_15:319|pv=trina_tsm_450_neg9r28__fronius_tauro_eco_100:202|b=tesla_megapack_2h:6,bergey_excel_15,319,trina_tsm_450_neg9r28__fronius_tauro_eco_100,202,tesla_megapack_2h,6,4976.4,20179.800000000003,20200.0,23124.0,flat_within_month,8020000.0,32371966.968097337,6987160.717183115,25384806.250914223,7931686.980639782,0.9889884015760326,0.01101159842396737,88313.01936021831,117,17,954.3010752688172,24273754.54012081,1854991.4188885316,1688465.971551816,18897.800868860246,1.564621925354004e-07,81957938.0,105785485.70102578,6075035.230650003,"{'wind': 'distributed_wind_reference', 'pv': 'utility_scale_pv', 'battery': 'generic_lithium_ion_storage_reference'}","{'wind': '8425.0 USD/kW', 'pv': '1430.0 USD/kWac', 'battery': '482.0 USD/kWh'}","{'wind': 'https://www.nrel.gov/docs/fy24osti/88335.pdf', 'pv': 'https://atb.nrel.gov/electricity/2024/utility-scale_pv', 'battery': 'https://www.nrel.gov/docs/fy23osti/85332.pdf'}",0.7659196896547198,True,False,-0.0010115984239673637,fixed_nominal
pv_low,one_factor,pv_generation_multiplier,1.0,0.2317610498,0.9,1.0,1.0,1.0,0.99,w=bergey_excel_15:319|pv=trina_tsm_450_neg9r28__fronius_tauro_eco_100:202|b=tesla_megapack_2h:6,bergey_excel_15,319,trina_tsm_450_neg9r28__fronius_tauro_eco_100,202,tesla_megapack_2h,6,4976.4,20179.800000000003,20200.0,23124.0,residential_like,8020000.0,32371966.968097337,6987160.717183115,25384806.250914223,7931451.935079637,0.9889590941495806,0.011040905850419377,88548.06492036341,120,17,1541.5632754342432,24260969.346652027,2056054.3683636421,1876508.6819979989,15702.52918950909,2.9306102078408003e-07,81957938.0,105785485.70102578,6075035.230650003,"{'wind': 'distributed_wind_reference', 'pv': 'utility_scale_pv', 'battery': 'generic_lithium_ion_storage_reference'}","{'wind': '8425.0 USD/kW', 'pv': '1430.0 USD/kWac', 'battery': '482.0 USD/kWh'}","{'wind': 'https://www.nrel.gov/docs/fy24osti/88335.pdf', 'pv': 'https://atb.nrel.gov/electricity/2024/utility-scale_pv', 'battery': 'https://www.nrel.gov/docs/fy23osti/85332.pdf'}",0.765942387393287,True,False,-0.0010409058504193824,fixed_nominal
pv_high,one_factor,pv_generation_multiplier,1.0,0.2317610498,1.1,1.0,1.0,1.0,0.95,w=bergey_excel_15:131|pv=trina_tsm_450_neg9r28__fronius_tauro_eco_100:83|b=tesla_megapack_2h:4,bergey_excel_15,131,trina_tsm_450_neg9r28__fronius_tauro_eco_100,83,tesla_megapack_2h,4,2043.6,8291.7,8300.0,15416.0,community_facility_like,8020000.0,15617590.876747867,2869335.5923228464,12748255.28442502,7713612.154796184,0.9617970267825666,0.03820297321743336,306387.84520381555,518,110,1698.8656504785536,7805590.105488113,1224907.689353735,1126519.0728901876,412.85991107535347,2.9761577025055885e-07,36516842.0,49377453.830776535,2835642.0508343205,"{'wind': 'distributed_wind_reference', 'pv': 'utility_scale_pv', 'battery': 'generic_lithium_ion_storage_reference'}","{'wind': '8425.0 USD/kW', 'pv': '1430.0 USD/kWac', 'battery': '482.0 USD/kWh'}","{'wind': 'https://www.nrel.gov/docs/fy24osti/88335.pdf', 'pv': 'https://atb.nrel.gov/electricity/2024/utility-scale_pv', 'battery': 'https://www.nrel.gov/docs/fy23osti/85332.pdf'}",0.3676153265070723,True,False,0.011797026782566666,fixed_nominal
pv_high,one_factor,pv_generation_multiplier,1.0,0.2317610498,1.1,1.0,1.0,1.0,0.95,w=bergey_excel_15:131|pv=trina_tsm_450_neg9r28__fronius_tauro_eco_100:83|b=tesla_megapack_2h:4,bergey_excel_15,131,trina_tsm_450_neg9r28__fronius_tauro_eco_100,83,tesla_megapack_2h,4,2043.6,8291.7,8300.0,15416.0,flat_within_month,8020000.0,15617590.876747867,2869335.5923228464,12748255.28442502,7677422.76566191,0.9572846341224327,0.04271536587756734,342577.2343380901,479,45,954.3010752688172,7719964.819211236,2752541.1484339503,2532337.8565592314,0.0,7.153721526265144e-08,36516842.0,49377453.830776535,2835642.0508343205,"{'wind': 'distributed_wind_reference', 'pv': 'utility_scale_pv', 'battery': 'generic_lithium_ion_storage_reference'}","{'wind': '8425.0 USD/kW', 'pv': '1430.0 USD/kWac', 'battery': '482.0 USD/kWh'}","{'wind': 'https://www.nrel.gov/docs/fy24osti/88335.pdf', 'pv': 'https://atb.nrel.gov/electricity/2024/utility-scale_pv', 'battery': 'https://www.nrel.gov/docs/fy23osti/85332.pdf'}",0.3693481702632075,True,False,0.007284634122432743,fixed_nominal
pv_high,one_factor,pv_generation_multiplier,1.0,0.2317610498,1.1,1.0,1.0,1.0,0.95,w=bergey_excel_15:131|pv=trina_tsm_450_neg9r28__fronius_tauro_eco_100:83|b=tesla_megapack_2h:4,bergey_excel_15,131,trina_tsm_450_neg9r28__fronius_tauro_eco_100,83,tesla_megapack_2h,4,2043.6,8291.7,8300.0,15416.0,residential_like,8020000.0,15617590.876747867,2869335.5923228464,12748255.28442502,7652901.498068164,0.9542271194598708,0.04577288054012913,367098.5019318356,493,41,1541.5632754342432,7718926.834281889,3072031.804972748,2826269.260574931,0.0,1.0337680578231812e-07,36516842.0,49377453.830776535,2835642.0508343205,"{'wind': 'distributed_wind_reference', 'pv': 'utility_scale_pv', 'battery': 'generic_lithium_ion_storage_reference'}","{'wind': '8425.0 USD/kW', 'pv': '1430.0 USD/kWac', 'battery': '482.0 USD/kWh'}","{'wind': 'https://www.nrel.gov/docs/fy24osti/88335.pdf', 'pv': 'https://atb.nrel.gov/electricity/2024/utility-scale_pv', 'battery': 'https://www.nrel.gov/docs/fy23osti/85332.pdf'}",0.3705316279779802,True,False,0.004227119459870865,fixed_nominal
pv_high,one_factor,pv_generation_multiplier,1.0,0.2317610498,1.1,1.0,1.0,1.0,0.99,w=bergey_excel_15:319|pv=trina_tsm_450_neg9r28__fronius_tauro_eco_100:202|b=tesla_megapack_2h:6,bergey_excel_15,319,trina_tsm_450_neg9r28__fronius_tauro_eco_100,202,tesla_megapack_2h,6,4976.4,20179.800000000003,20200.0,23124.0,community_facility_like,8020000.0,38013035.02385606,6987160.717183115,31025874.30667294,7959084.635424559,0.9924045680080498,0.007595431991950278,60915.36457544123,113,32,1698.8656504785536,29972604.288902987,743865.0998464467,662519.000317936,22766.533222285638,3.896420821547508e-07,81957938.0,105785485.70102578,6075035.230650003,"{'wind': 'distributed_wind_reference', 'pv': 'utility_scale_pv', 'battery': 'generic_lithium_ion_storage_reference'}","{'wind': '8425.0 USD/kW', 'pv': '1430.0 USD/kWac', 'battery': '482.0 USD/kWh'}","{'wind': 'https://www.nrel.gov/docs/fy24osti/88335.pdf', 'pv': 'https://atb.nrel.gov/electricity/2024/utility-scale_pv', 'battery': 'https://www.nrel.gov/docs/fy23osti/85332.pdf'}",0.7632831549008832,True,True,0.002404568008049779,fixed_nominal
pv_high,one_factor,pv_generation_multiplier,1.0,0.2317610498,1.1,1.0,1.0,1.0,0.99,w=bergey_excel_15:319|pv=trina_tsm_450_neg9r28__fronius_tauro_eco_100:202|b=tesla_megapack_2h:6,bergey_excel_15,319,trina_tsm_450_neg9r28__fronius_tauro_eco_100,202,tesla_megapack_2h,6,4976.4,20179.800000000003,20200.0,23124.0,flat_within_month,8020000.0,38013035.02385606,6987160.717183115,31025874.30667294,7948770.796324203,0.9911185531576313,0.008881446842368714,71229.2036757971,94,16,954.3010752688172,29897075.863064278,1843111.3755156575,1675923.011048121,20579.80386751452,1.7881393432617188e-07,81957938.0,105785485.70102578,6075035.230650003,"{'wind': 'distributed_wind_reference', 'pv': 'utility_scale_pv', 'battery': 'generic_lithium_ion_storage_reference'}","{'wind': '8425.0 USD/kW', 'pv': '1430.0 USD/kWac', 'battery': '482.0 USD/kWh'}","{'wind': 'https://www.nrel.gov/docs/fy24osti/88335.pdf', 'pv': 'https://atb.nrel.gov/electricity/2024/utility-scale_pv', 'battery': 'https://www.nrel.gov/docs/fy23osti/85332.pdf'}",0.7642735444654307,True,True,0.001118553157631319,fixed_nominal
pv_high,one_factor,pv_generation_multiplier,1.0,0.2317610498,1.1,1.0,1.0,1.0,0.99,w=bergey_excel_15:319|pv=trina_tsm_450_neg9r28__fronius_tauro_eco_100:202|b=tesla_megapack_2h:6,bergey_excel_15,319,trina_tsm_450_neg9r28__fronius_tauro_eco_100,202,tesla_megapack_2h,6,4976.4,20179.800000000003,20200.0,23124.0,residential_like,8020000.0,38013035.02385606,6987160.717183115,31025874.30667294,7948482.226126156,0.991082571836179,0.008917428163821007,71517.77387384448,102,15,1541.5632754342432,29886871.50387172,2012537.2179936247,1834855.9241355488,17388.346877405962,2.8690556064248085e-07,81957938.0,105785485.70102578,6075035.230650003,"{'wind': 'distributed_wind_reference', 'pv': 'utility_scale_pv', 'battery': 'generic_lithium_ion_storage_reference'}","{'wind': '8425.0 USD/kW', 'pv': '1430.0 USD/kWac', 'battery': '482.0 USD/kWh'}","{'wind': 'https://www.nrel.gov/docs/fy24osti/88335.pdf', 'pv': 'https://atb.nrel.gov/electricity/2024/utility-scale_pv', 'battery': 'https://www.nrel.gov/docs/fy23osti/85332.pdf'}",0.7643012914694265,True,True,0.0010825718361789916,fixed_nominal
wind_capex_low,one_factor,wind_capex_multiplier,1.0,0.2317610498,1.0,0.8,1.0,1.0,0.95,w=bergey_excel_15:131|pv=trina_tsm_450_neg9r28__fronius_tauro_eco_100:83|b=tesla_megapack_2h:4,bergey_excel_15,131,trina_tsm_450_neg9r28__fronius_tauro_eco_100,83,tesla_megapack_2h,4,2043.6,8291.7,8300.0,15416.0,community_facility_like,8020000.0,14458658.578163773,2869335.5923228464,11589322.985840926,7681605.344050198,0.9578061526247129,0.04219384737528707,338394.6559498023,570,113,1698.8656504785536,6676648.175957913,1250113.2105053004,1149708.1523496273,412.85991107535347,2.989545464515686e-07,33073376.0,45933987.830776535,2637891.1294586994,"{'wind': 'distributed_wind_reference', 'pv': 'utility_scale_pv', 'battery': 'generic_lithium_ion_storage_reference'}","{'wind': '8425.0 USD/kW', 'pv': '1430.0 USD/kWac', 'battery': '482.0 USD/kWh'}","{'wind': 'https://www.nrel.gov/docs/fy24osti/88335.pdf', 'pv': 'https://atb.nrel.gov/electricity/2024/utility-scale_pv', 'battery': 'https://www.nrel.gov/docs/fy23osti/85332.pdf'}",0.3434036261055618,True,False,0.007806152624712959,fixed_nominal
wind_capex_low,one_factor,wind_capex_multiplier,1.0,0.2317610498,1.0,0.8,1.0,1.0,0.95,w=bergey_excel_15:131|pv=trina_tsm_450_neg9r28__fronius_tauro_eco_100:83|b=tesla_megapack_2h:4,bergey_excel_15,131,trina_tsm_450_neg9r28__fronius_tauro_eco_100,83,tesla_megapack_2h,4,2043.6,8291.7,8300.0,15416.0,flat_within_month,8020000.0,14458658.578163773,2869335.5923228464,11589322.985840926,7647318.464583826,0.9535309806214247,0.04646901937857523,372681.53541617334,528,48,954.3010752688172,6591025.663604181,2753930.624697066,2533616.174721296,0.0,7.729977369308472e-08,33073376.0,45933987.830776535,2637891.1294586994,"{'wind': 'distributed_wind_reference', 'pv': 'utility_scale_pv', 'battery': 'generic_lithium_ion_storage_reference'}","{'wind': '8425.0 USD/kW', 'pv': '1430.0 USD/kWac', 'battery': '482.0 USD/kWh'}","{'wind': 'https://www.nrel.gov/docs/fy24osti/88335.pdf', 'pv': 'https://atb.nrel.gov/electricity/2024/utility-scale_pv', 'battery': 'https://www.nrel.gov/docs/fy23osti/85332.pdf'}",0.34494328197201024,True,False,0.003530980621424762,fixed_nominal
wind_capex_low,one_factor,wind_capex_multiplier,1.0,0.2317610498,1.0,0.8,1.0,1.0,0.95,w=bergey_excel_15:131|pv=trina_tsm_450_neg9r28__fronius_tauro_eco_100:83|b=tesla_megapack_2h:4,bergey_excel_15,131,trina_tsm_450_neg9r28__fronius_tauro_eco_100,83,tesla_megapack_2h,4,2043.6,8291.7,8300.0,15416.0,residential_like,8020000.0,14458658.578163773,2869335.5923228464,11589322.985840926,7622014.453945452,0.9503758670754928,0.049624132924507215,397985.5460545479,532,41,1541.5632754342432,6589556.187030089,3088599.2148529533,2841511.277664723,0.0,9.336508810520172e-08,33073376.0,45933987.830776535,2637891.1294586994,"{'wind': 'distributed_wind_reference', 'pv': 'utility_scale_pv', 'battery': 'generic_lithium_ion_storage_reference'}","{'wind': '8425.0 USD/kW', 'pv': '1430.0 USD/kWac', 'battery': '482.0 USD/kWh'}","{'wind': 'https://www.nrel.gov/docs/fy24osti/88335.pdf', 'pv': 'https://atb.nrel.gov/electricity/2024/utility-scale_pv', 'battery': 'https://www.nrel.gov/docs/fy23osti/85332.pdf'}",0.3460884449114661,True,False,0.0003758670754928639,fixed_nominal
wind_capex_low,one_factor,wind_capex_multiplier,1.0,0.2317610498,1.0,0.8,1.0,1.0,0.99,w=bergey_excel_15:319|pv=trina_tsm_450_neg9r28__fronius_tauro_eco_100:202|b=tesla_megapack_2h:6,bergey_excel_15,319,trina_tsm_450_neg9r28__fronius_tauro_eco_100,202,tesla_megapack_2h,6,4976.4,20179.800000000003,20200.0,23124.0,community_facility_like,8020000.0,35192500.995976694,6987160.717183115,28205340.278793577,7950358.9514392,0.9913165774861846,0.008683422513815408,69641.04856079958,124,34,1698.8656504785536,27160877.11172396,753008.9045771208,671743.9717636103,21919.26503792342,3.873283276334405e-07,73572704.0,97400251.70102578,5593489.093865094,"{'wind': 'distributed_wind_reference', 'pv': 'utility_scale_pv', 'battery': 'generic_lithium_ion_storage_reference'}","{'wind': '8425.0 USD/kW', 'pv': '1430.0 USD/kWac', 'battery': '482.0 USD/kWh'}","{'wind': 'https://www.nrel.gov/docs/fy24osti/88335.pdf', 'pv': 'https://atb.nrel.gov/electricity/2024/utility-scale_pv', 'battery': 'https://www.nrel.gov/docs/fy23osti/85332.pdf'}",0.7035517676661055,True,True,0.0013165774861846335,fixed_nominal
wind_capex_low,one_factor,wind_capex_multiplier,1.0,0.2317610498,1.0,0.8,1.0,1.0,0.99,w=bergey_excel_15:319|pv=trina_tsm_450_neg9r28__fronius_tauro_eco_100:202|b=tesla_megapack_2h:6,bergey_excel_15,319,trina_tsm_450_neg9r28__fronius_tauro_eco_100,202,tesla_megapack_2h,6,4976.4,20179.800000000003,20200.0,23124.0,flat_within_month,8020000.0,35192500.995976694,6987160.717183115,28205340.278793577,7940242.960117404,0.9900552319348385,0.00994476806516156,79757.03988259571,105,17,954.3010752688172,27085512.22266995,1847662.7382929728,1680916.925103574,19738.802368187386,1.3684621080756187e-07,73572704.0,97400251.70102578,5593489.093865094,"{'wind': 'distributed_wind_reference', 'pv': 'utility_scale_pv', 'battery': 'generic_lithium_ion_storage_reference'}","{'wind': '8425.0 USD/kW', 'pv': '1430.0 USD/kWac', 'battery': '482.0 USD/kWh'}","{'wind': 'https://www.nrel.gov/docs/fy24osti/88335.pdf', 'pv': 'https://atb.nrel.gov/electricity/2024/utility-scale_pv', 'battery': 'https://www.nrel.gov/docs/fy23osti/85332.pdf'}",0.7044481034094691,True,True,5.523193483847333e-05,fixed_nominal
wind_capex_low,one_factor,wind_capex_multiplier,1.0,0.2317610498,1.0,0.8,1.0,1.0,0.99,w=bergey_excel_15:319|pv=trina_tsm_450_neg9r28__fronius_tauro_eco_100:202|b=tesla_megapack_2h:6,bergey_excel_15,319,trina_tsm_450_neg9r28__fronius_tauro_eco_100,202,tesla_megapack_2h,6,4976.4,20179.800000000003,20200.0,23124.0,residential_like,8020000.0,35192500.995976694,6987160.717183115,28205340.278793577,7940013.515341874,0.9900266228605829,0.00997337713941716,79986.48465812563,109,16,1541.5632754342432,27074060.126413558,2031969.094545262,1853541.7403240707,16545.438033457525,2.922752173617482e-07,73572704.0,97400251.70102578,5593489.093865094,"{'wind': 'distributed_wind_reference', 'pv': 'utility_scale_pv', 'battery': 'generic_lithium_ion_storage_reference'}","{'wind': '8425.0 USD/kW', 'pv': '1430.0 USD/kWac', 'battery': '482.0 USD/kWh'}","{'wind': 'https://www.nrel.gov/docs/fy24osti/88335.pdf', 'pv': 'https://atb.nrel.gov/electricity/2024/utility-scale_pv', 'battery': 'https://www.nrel.gov/docs/fy23osti/85332.pdf'}",0.7044684600419416,True,True,2.6622860582858898e-05,fixed_nominal
wind_capex_high,one_factor,wind_capex_multiplier,1.0,0.2317610498,1.0,1.2,1.0,1.0,0.95,w=bergey_excel_15:131|pv=trina_tsm_450_neg9r28__fronius_tauro_eco_100:83|b=tesla_megapack_2h:4,bergey_excel_15,131,trina_tsm_450_neg9r28__fronius_tauro_eco_100,83,tesla_megapack_2h,4,2043.6,8291.7,8300.0,15416.0,community_facility_like,8020000.0,14458658.578163773,2869335.5923228464,11589322.985840926,7681605.344050198,0.9578061526247129,0.04219384737528707,338394.6559498023,570,113,1698.8656504785536,6676648.175957913,1250113.2105053004,1149708.1523496273,412.85991107535347,2.989545464515686e-07,39960308.0,52820919.830776535,3033392.9722099416,"{'wind': 'distributed_wind_reference', 'pv': 'utility_scale_pv', 'battery': 'generic_lithium_ion_storage_reference'}","{'wind': '8425.0 USD/kW', 'pv': '1430.0 USD/kWac', 'battery': '482.0 USD/kWh'}","{'wind': 'https://www.nrel.gov/docs/fy24osti/88335.pdf', 'pv': 'https://atb.nrel.gov/electricity/2024/utility-scale_pv', 'battery': 'https://www.nrel.gov/docs/fy23osti/85332.pdf'}",0.3948904996218612,True,False,0.007806152624712959,fixed_nominal
wind_capex_high,one_factor,wind_capex_multiplier,1.0,0.2317610498,1.0,1.2,1.0,1.0,0.95,w=bergey_excel_15:131|pv=trina_tsm_450_neg9r28__fronius_tauro_eco_100:83|b=tesla_megapack_2h:4,bergey_excel_15,131,trina_tsm_450_neg9r28__fronius_tauro_eco_100,83,tesla_megapack_2h,4,2043.6,8291.7,8300.0,15416.0,flat_within_month,8020000.0,14458658.578163773,2869335.5923228464,11589322.985840926,7647318.464583826,0.9535309806214247,0.04646901937857523,372681.53541617334,528,48,954.3010752688172,6591025.663604181,2753930.624697066,2533616.174721296,0.0,7.729977369308472e-08,39960308.0,52820919.830776535,3033392.9722099416,"{'wind': 'distributed_wind_reference', 'pv': 'utility_scale_pv', 'battery': 'generic_lithium_ion_storage_reference'}","{'wind': '8425.0 USD/kW', 'pv': '1430.0 USD/kWac', 'battery': '482.0 USD/kWh'}","{'wind': 'https://www.nrel.gov/docs/fy24osti/88335.pdf', 'pv': 'https://atb.nrel.gov/electricity/2024/utility-scale_pv', 'battery': 'https://www.nrel.gov/docs/fy23osti/85332.pdf'}",0.39666099774164715,True,False,0.003530980621424762,fixed_nominal
wind_capex_high,one_factor,wind_capex_multiplier,1.0,0.2317610498,1.0,1.2,1.0,1.0,0.95,w=bergey_excel_15:131|pv=trina_tsm_450_neg9r28__fronius_tauro_eco_100:83|b=tesla_megapack_2h:4,bergey_excel_15,131,trina_tsm_450_neg9r28__fronius_tauro_eco_100,83,tesla_megapack_2h,4,2043.6,8291.7,8300.0,15416.0,residential_like,8020000.0,14458658.578163773,2869335.5923228464,11589322.985840926,7622014.453945452,0.9503758670754928,0.049624132924507215,397985.5460545479,532,41,1541.5632754342432,6589556.187030089,3088599.2148529533,2841511.277664723,0.0,9.336508810520172e-08,39960308.0,52820919.830776535,3033392.9722099416,"{'wind': 'distributed_wind_reference', 'pv': 'utility_scale_pv', 'battery': 'generic_lithium_ion_storage_reference'}","{'wind': '8425.0 USD/kW', 'pv': '1430.0 USD/kWac', 'battery': '482.0 USD/kWh'}","{'wind': 'https://www.nrel.gov/docs/fy24osti/88335.pdf', 'pv': 'https://atb.nrel.gov/electricity/2024/utility-scale_pv', 'battery': 'https://www.nrel.gov/docs/fy23osti/85332.pdf'}",0.3979778561873153,True,False,0.0003758670754928639,fixed_nominal
wind_capex_high,one_factor,wind_capex_multiplier,1.0,0.2317610498,1.0,1.2,1.0,1.0,0.99,w=bergey_excel_15:319|pv=trina_tsm_450_neg9r28__fronius_tauro_eco_100:202|b=tesla_megapack_2h:6,bergey_excel_15,319,trina_tsm_450_neg9r28__fronius_tauro_eco_100,202,tesla_megapack_2h,6,4976.4,20179.800000000003,20200.0,23124.0,community_facility_like,8020000.0,35192500.995976694,6987160.717183115,28205340.278793577,7950358.9514392,0.9913165774861846,0.008683422513815408,69641.04856079958,124,34,1698.8656504785536,27160877.11172396,753008.9045771208,671743.9717636103,21919.26503792342,3.873283276334405e-07,90343172.0,114170719.70102578,6556581.367434912,"{'wind': 'distributed_wind_reference', 'pv': 'utility_scale_pv', 'battery': 'generic_lithium_ion_storage_reference'}","{'wind': '8425.0 USD/kW', 'pv': '1430.0 USD/kWac', 'battery': '482.0 USD/kWh'}","{'wind': 'https://www.nrel.gov/docs/fy24osti/88335.pdf', 'pv': 'https://atb.nrel.gov/electricity/2024/utility-scale_pv', 'battery': 'https://www.nrel.gov/docs/fy23osti/85332.pdf'}",0.8246899803496317,True,True,0.0013165774861846335,fixed_nominal
wind_capex_high,one_factor,wind_capex_multiplier,1.0,0.2317610498,1.0,1.2,1.0,1.0,0.99,w=bergey_excel_15:319|pv=trina_tsm_450_neg9r28__fronius_tauro_eco_100:202|b=tesla_megapack_2h:6,bergey_excel_15,319,trina_tsm_450_neg9r28__fronius_tauro_eco_100,202,tesla_megapack_2h,6,4976.4,20179.800000000003,20200.0,23124.0,flat_within_month,8020000.0,35192500.995976694,6987160.717183115,28205340.278793577,7940242.960117404,0.9900552319348385,0.00994476806516156,79757.03988259571,105,17,954.3010752688172,27085512.22266995,1847662.7382929728,1680916.925103574,19738.802368187386,1.3684621080756187e-07,90343172.0,114170719.70102578,6556581.367434912,"{'wind': 'distributed_wind_reference', 'pv': 'utility_scale_pv', 'battery': 'generic_lithium_ion_storage_reference'}","{'wind': '8425.0 USD/kW', 'pv': '1430.0 USD/kWac', 'battery': '482.0 USD/kWh'}","{'wind': 'https://www.nrel.gov/docs/fy24osti/88335.pdf', 'pv': 'https://atb.nrel.gov/electricity/2024/utility-scale_pv', 'battery': 'https://www.nrel.gov/docs/fy23osti/85332.pdf'}",0.8257406480340203,True,True,5.523193483847333e-05,fixed_nominal
wind_capex_high,one_factor,wind_capex_multiplier,1.0,0.2317610498,1.0,1.2,1.0,1.0,0.99,w=bergey_excel_15:319|pv=trina_tsm_450_neg9r28__fronius_tauro_eco_100:202|b=tesla_megapack_2h:6,bergey_excel_15,319,trina_tsm_450_neg9r28__fronius_tauro_eco_100,202,tesla_megapack_2h,6,4976.4,20179.800000000003,20200.0,23124.0,residential_like,8020000.0,35192500.995976694,6987160.717183115,28205340.278793577,7940013.515341874,0.9900266228605829,0.00997337713941716,79986.48465812563,109,16,1541.5632754342432,27074060.126413558,2031969.094545262,1853541.7403240707,16545.438033457525,2.922752173617482e-07,90343172.0,114170719.70102578,6556581.367434912,"{'wind': 'distributed_wind_reference', 'pv': 'utility_scale_pv', 'battery': 'generic_lithium_ion_storage_reference'}","{'wind': '8425.0 USD/kW', 'pv': '1430.0 USD/kWac', 'battery': '482.0 USD/kWh'}","{'wind': 'https://www.nrel.gov/docs/fy24osti/88335.pdf', 'pv': 'https://atb.nrel.gov/electricity/2024/utility-scale_pv', 'battery': 'https://www.nrel.gov/docs/fy23osti/85332.pdf'}",0.8257645096908384,True,True,2.6622860582858898e-05,fixed_nominal
pv_capex_low,one_factor,pv_capex_multiplier,1.0,0.2317610498,1.0,1.0,0.8,1.0,0.95,w=bergey_excel_15:131|pv=trina_tsm_450_neg9r28__fronius_tauro_eco_100:83|b=tesla_megapack_2h:4,bergey_excel_15,131,trina_tsm_450_neg9r28__fronius_tauro_eco_100,83,tesla_megapack_2h,4,2043.6,8291.7,8300.0,15416.0,community_facility_like,8020000.0,14458658.578163773,2869335.5923228464,11589322.985840926,7681605.344050198,0.9578061526247129,0.04219384737528707,338394.6559498023,570,113,1698.8656504785536,6676648.175957913,1250113.2105053004,1149708.1523496273,412.85991107535347,2.989545464515686e-07,34143042.0,47003653.830776535,2699319.7705616388,"{'wind': 'distributed_wind_reference', 'pv': 'utility_scale_pv', 'battery': 'generic_lithium_ion_storage_reference'}","{'wind': '8425.0 USD/kW', 'pv': '1430.0 USD/kWac', 'battery': '482.0 USD/kWh'}","{'wind': 'https://www.nrel.gov/docs/fy24osti/88335.pdf', 'pv': 'https://atb.nrel.gov/electricity/2024/utility-scale_pv', 'battery': 'https://www.nrel.gov/docs/fy23osti/85332.pdf'}",0.35140047550768827,True,False,0.007806152624712959,fixed_nominal
pv_capex_low,one_factor,pv_capex_multiplier,1.0,0.2317610498,1.0,1.0,0.8,1.0,0.95,w=bergey_excel_15:131|pv=trina_tsm_450_neg9r28__fronius_tauro_eco_100:83|b=tesla_megapack_2h:4,bergey_excel_15,131,trina_tsm_450_neg9r28__fronius_tauro_eco_100,83,tesla_megapack_2h,4,2043.6,8291.7,8300.0,15416.0,flat_within_month,8020000.0,14458658.578163773,2869335.5923228464,11589322.985840926,7647318.464583826,0.9535309806214247,0.04646901937857523,372681.53541617334,528,48,954.3010752688172,6591025.663604181,2753930.624697066,2533616.174721296,0.0,7.729977369308472e-08,34143042.0,47003653.830776535,2699319.7705616388,"{'wind': 'distributed_wind_reference', 'pv': 'utility_scale_pv', 'battery': 'generic_lithium_ion_storage_reference'}","{'wind': '8425.0 USD/kW', 'pv': '1430.0 USD/kWac', 'battery': '482.0 USD/kWh'}","{'wind': 'https://www.nrel.gov/docs/fy24osti/88335.pdf', 'pv': 'https://atb.nrel.gov/electricity/2024/utility-scale_pv', 'battery': 'https://www.nrel.gov/docs/fy23osti/85332.pdf'}",0.35297598538137226,True,False,0.003530980621424762,fixed_nominal
pv_capex_low,one_factor,pv_capex_multiplier,1.0,0.2317610498,1.0,1.0,0.8,1.0,0.95,w=bergey_excel_15:131|pv=trina_tsm_450_neg9r28__fronius_tauro_eco_100:83|b=tesla_megapack_2h:4,bergey_excel_15,131,trina_tsm_450_neg9r28__fronius_tauro_eco_100,83,tesla_megapack_2h,4,2043.6,8291.7,8300.0,15416.0,residential_like,8020000.0,14458658.578163773,2869335.5923228464,11589322.985840926,7622014.453945452,0.9503758670754928,0.049624132924507215,397985.5460545479,532,41,1541.5632754342432,6589556.187030089,3088599.2148529533,2841511.277664723,0.0,9.336508810520172e-08,34143042.0,47003653.830776535,2699319.7705616388,"{'wind': 'distributed_wind_reference', 'pv': 'utility_scale_pv', 'battery': 'generic_lithium_ion_storage_reference'}","{'wind': '8425.0 USD/kW', 'pv': '1430.0 USD/kWac', 'battery': '482.0 USD/kWh'}","{'wind': 'https://www.nrel.gov/docs/fy24osti/88335.pdf', 'pv': 'https://atb.nrel.gov/electricity/2024/utility-scale_pv', 'battery': 'https://www.nrel.gov/docs/fy23osti/85332.pdf'}",0.35414781576074883,True,False,0.0003758670754928639,fixed_nominal
pv_capex_low,one_factor,pv_capex_multiplier,1.0,0.2317610498,1.0,1.0,0.8,1.0,0.99,w=bergey_excel_15:319|pv=trina_tsm_450_neg9r28__fronius_tauro_eco_100:202|b=tesla_megapack_2h:6,bergey_excel_15,319,trina_tsm_450_neg9r28__fronius_tauro_eco_100,202,tesla_megapack_2h,6,4976.4,20179.800000000003,20200.0,23124.0,community_facility_like,8020000.0,35192500.995976694,6987160.717183115,28205340.278793577,7950358.9514392,0.9913165774861846,0.008683422513815408,69641.04856079958,124,34,1698.8656504785536,27160877.11172396,753008.9045771208,671743.9717636103,21919.26503792342,3.873283276334405e-07,76180738.0,100008285.70102578,5743262.934082754,"{'wind': 'distributed_wind_reference', 'pv': 'utility_scale_pv', 'battery': 'generic_lithium_ion_storage_reference'}","{'wind': '8425.0 USD/kW', 'pv': '1430.0 USD/kWac', 'battery': '482.0 USD/kWh'}","{'wind': 'https://www.nrel.gov/docs/fy24osti/88335.pdf', 'pv': 'https://atb.nrel.gov/electricity/2024/utility-scale_pv', 'battery': 'https://www.nrel.gov/docs/fy23osti/85332.pdf'}",0.7223903938378895,True,True,0.0013165774861846335,fixed_nominal
pv_capex_low,one_factor,pv_capex_multiplier,1.0,0.2317610498,1.0,1.0,0.8,1.0,0.99,w=bergey_excel_15:319|pv=trina_tsm_450_neg9r28__fronius_tauro_eco_100:202|b=tesla_megapack_2h:6,bergey_excel_15,319,trina_tsm_450_neg9r28__fronius_tauro_eco_100,202,tesla_megapack_2h,6,4976.4,20179.800000000003,20200.0,23124.0,flat_within_month,8020000.0,35192500.995976694,6987160.717183115,28205340.278793577,7940242.960117404,0.9900552319348385,0.00994476806516156,79757.03988259571,105,17,954.3010752688172,27085512.22266995,1847662.7382929728,1680916.925103574,19738.802368187386,1.3684621080756187e-07,76180738.0,100008285.70102578,5743262.934082754,"{'wind': 'distributed_wind_reference', 'pv': 'utility_scale_pv', 'battery': 'generic_lithium_ion_storage_reference'}","{'wind': '8425.0 USD/kW', 'pv': '1430.0 USD/kWac', 'battery': '482.0 USD/kWh'}","{'wind': 'https://www.nrel.gov/docs/fy24osti/88335.pdf', 'pv': 'https://atb.nrel.gov/electricity/2024/utility-scale_pv', 'battery': 'https://www.nrel.gov/docs/fy23osti/85332.pdf'}",0.7233107302799503,True,True,5.523193483847333e-05,fixed_nominal
pv_capex_low,one_factor,pv_capex_multiplier,1.0,0.2317610498,1.0,1.0,0.8,1.0,0.99,w=bergey_excel_15:319|pv=trina_tsm_450_neg9r28__fronius_tauro_eco_100:202|b=tesla_megapack_2h:6,bergey_excel_15,319,trina_tsm_450_neg9r28__fronius_tauro_eco_100,202,tesla_megapack_2h,6,4976.4,20179.800000000003,20200.0,23124.0,residential_like,8020000.0,35192500.995976694,6987160.717183115,28205340.278793577,7940013.515341874,0.9900266228605829,0.00997337713941716,79986.48465812563,109,16,1541.5632754342432,27074060.126413558,2031969.094545262,1853541.7403240707,16545.438033457525,2.922752173617482e-07,76180738.0,100008285.70102578,5743262.934082754,"{'wind': 'distributed_wind_reference', 'pv': 'utility_scale_pv', 'battery': 'generic_lithium_ion_storage_reference'}","{'wind': '8425.0 USD/kW', 'pv': '1430.0 USD/kWac', 'battery': '482.0 USD/kWh'}","{'wind': 'https://www.nrel.gov/docs/fy24osti/88335.pdf', 'pv': 'https://atb.nrel.gov/electricity/2024/utility-scale_pv', 'battery': 'https://www.nrel.gov/docs/fy23osti/85332.pdf'}",0.7233316319909898,True,True,2.6622860582858898e-05,fixed_nominal
pv_capex_high,one_factor,pv_capex_multiplier,1.0,0.2317610498,1.0,1.0,1.2,1.0,0.95,w=bergey_excel_15:131|pv=trina_tsm_450_neg9r28__fronius_tauro_eco_100:83|b=tesla_megapack_2h:4,bergey_excel_15,131,trina_tsm_450_neg9r28__fronius_tauro_eco_100,83,tesla_megapack_2h,4,2043.6,8291.7,8300.0,15416.0,community_facility_like,8020000.0,14458658.578163773,2869335.5923228464,11589322.985840926,7681605.344050198,0.9578061526247129,0.04219384737528707,338394.6559498023,570,113,1698.8656504785536,6676648.175957913,1250113.2105053004,1149708.1523496273,412.85991107535347,2.989545464515686e-07,38890642.0,51751253.830776535,2971964.3311070018,"{'wind': 'distributed_wind_reference', 'pv': 'utility_scale_pv', 'battery': 'generic_lithium_ion_storage_reference'}","{'wind': '8425.0 USD/kW', 'pv': '1430.0 USD/kWac', 'battery': '482.0 USD/kWh'}","{'wind': 'https://www.nrel.gov/docs/fy24osti/88335.pdf', 'pv': 'https://atb.nrel.gov/electricity/2024/utility-scale_pv', 'battery': 'https://www.nrel.gov/docs/fy23osti/85332.pdf'}",0.38689365021973465,True,False,0.007806152624712959,fixed_nominal
pv_capex_high,one_factor,pv_capex_multiplier,1.0,0.2317610498,1.0,1.0,1.2,1.0,0.95,w=bergey_excel_15:131|pv=trina_tsm_450_neg9r28__fronius_tauro_eco_100:83|b=tesla_megapack_2h:4,bergey_excel_15,131,trina_tsm_450_neg9r28__fronius_tauro_eco_100,83,tesla_megapack_2h,4,2043.6,8291.7,8300.0,15416.0,flat_within_month,8020000.0,14458658.578163773,2869335.5923228464,11589322.985840926,7647318.464583826,0.9535309806214247,0.04646901937857523,372681.53541617334,528,48,954.3010752688172,6591025.663604181,2753930.624697066,2533616.174721296,0.0,7.729977369308472e-08,38890642.0,51751253.830776535,2971964.3311070018,"{'wind': 'distributed_wind_reference', 'pv': 'utility_scale_pv', 'battery': 'generic_lithium_ion_storage_reference'}","{'wind': '8425.0 USD/kW', 'pv': '1430.0 USD/kWac', 'battery': '482.0 USD/kWh'}","{'wind': 'https://www.nrel.gov/docs/fy24osti/88335.pdf', 'pv': 'https://atb.nrel.gov/electricity/2024/utility-scale_pv', 'battery': 'https://www.nrel.gov/docs/fy23osti/85332.pdf'}",0.3886282943322851,True,False,0.003530980621424762,fixed_nominal
pv_capex_high,one_factor,pv_capex_multiplier,1.0,0.2317610498,1.0,1.0,1.2,1.0,0.95,w=bergey_excel_15:131|pv=trina_tsm_450_neg9r28__fronius_tauro_eco_100:83|b=tesla_megapack_2h:4,bergey_excel_15,131,trina_tsm_450_neg9r28__fronius_tauro_eco_100,83,tesla_megapack_2h,4,2043.6,8291.7,8300.0,15416.0,residential_like,8020000.0,14458658.578163773,2869335.5923228464,11589322.985840926,7622014.453945452,0.9503758670754928,0.049624132924507215,397985.5460545479,532,41,1541.5632754342432,6589556.187030089,3088599.2148529533,2841511.277664723,0.0,9.336508810520172e-08,38890642.0,51751253.830776535,2971964.3311070018,"{'wind': 'distributed_wind_reference', 'pv': 'utility_scale_pv', 'battery': 'generic_lithium_ion_storage_reference'}","{'wind': '8425.0 USD/kW', 'pv': '1430.0 USD/kWac', 'battery': '482.0 USD/kWh'}","{'wind': 'https://www.nrel.gov/docs/fy24osti/88335.pdf', 'pv': 'https://atb.nrel.gov/electricity/2024/utility-scale_pv', 'battery': 'https://www.nrel.gov/docs/fy23osti/85332.pdf'}",0.3899184853380325,True,False,0.0003758670754928639,fixed_nominal
pv_capex_high,one_factor,pv_capex_multiplier,1.0,0.2317610498,1.0,1.0,1.2,1.0,0.99,w=bergey_excel_15:319|pv=trina_tsm_450_neg9r28__fronius_tauro_eco_100:202|b=tesla_megapack_2h:6,bergey_excel_15,319,trina_tsm_450_neg9r28__fronius_tauro_eco_100,202,tesla_megapack_2h,6,4976.4,20179.800000000003,20200.0,23124.0,community_facility_like,8020000.0,35192500.995976694,6987160.717183115,28205340.278793577,7950358.9514392,0.9913165774861846,0.008683422513815408,69641.04856079958,124,34,1698.8656504785536,27160877.11172396,753008.9045771208,671743.9717636103,21919.26503792342,3.873283276334405e-07,87735138.0,111562685.70102578,6406807.527217252,"{'wind': 'distributed_wind_reference', 'pv': 'utility_scale_pv', 'battery': 'generic_lithium_ion_storage_reference'}","{'wind': '8425.0 USD/kW', 'pv': '1430.0 USD/kWac', 'battery': '482.0 USD/kWh'}","{'wind': 'https://www.nrel.gov/docs/fy24osti/88335.pdf', 'pv': 'https://atb.nrel.gov/electricity/2024/utility-scale_pv', 'battery': 'https://www.nrel.gov/docs/fy23osti/85332.pdf'}",0.8058513541778477,True,True,0.0013165774861846335,fixed_nominal
pv_capex_high,one_factor,pv_capex_multiplier,1.0,0.2317610498,1.0,1.0,1.2,1.0,0.99,w=bergey_excel_15:319|pv=trina_tsm_450_neg9r28__fronius_tauro_eco_100:202|b=tesla_megapack_2h:6,bergey_excel_15,319,trina_tsm_450_neg9r28__fronius_tauro_eco_100,202,tesla_megapack_2h,6,4976.4,20179.800000000003,20200.0,23124.0,flat_within_month,8020000.0,35192500.995976694,6987160.717183115,28205340.278793577,7940242.960117404,0.9900552319348385,0.00994476806516156,79757.03988259571,105,17,954.3010752688172,27085512.22266995,1847662.7382929728,1680916.925103574,19738.802368187386,1.3684621080756187e-07,87735138.0,111562685.70102578,6406807.527217252,"{'wind': 'distributed_wind_reference', 'pv': 'utility_scale_pv', 'battery': 'generic_lithium_ion_storage_reference'}","{'wind': '8425.0 USD/kW', 'pv': '1430.0 USD/kWac', 'battery': '482.0 USD/kWh'}","{'wind': 'https://www.nrel.gov/docs/fy24osti/88335.pdf', 'pv': 'https://atb.nrel.gov/electricity/2024/utility-scale_pv', 'battery': 'https://www.nrel.gov/docs/fy23osti/85332.pdf'}",0.8068780211635389,True,True,5.523193483847333e-05,fixed_nominal
pv_capex_high,one_factor,pv_capex_multiplier,1.0,0.2317610498,1.0,1.0,1.2,1.0,0.99,w=bergey_excel_15:319|pv=trina_tsm_450_neg9r28__fronius_tauro_eco_100:202|b=tesla_megapack_2h:6,bergey_excel_15,319,trina_tsm_450_neg9r28__fronius_tauro_eco_100,202,tesla_megapack_2h,6,4976.4,20179.800000000003,20200.0,23124.0,residential_like,8020000.0,35192500.995976694,6987160.717183115,28205340.278793577,7940013.515341874,0.9900266228605829,0.00997337713941716,79986.48465812563,109,16,1541.5632754342432,27074060.126413558,2031969.094545262,1853541.7403240707,16545.438033457525,2.922752173617482e-07,87735138.0,111562685.70102578,6406807.527217252,"{'wind': 'distributed_wind_reference', 'pv': 'utility_scale_pv', 'battery': 'generic_lithium_ion_storage_reference'}","{'wind': '8425.0 USD/kW', 'pv': '1430.0 USD/kWac', 'battery': '482.0 USD/kWh'}","{'wind': 'https://www.nrel.gov/docs/fy24osti/88335.pdf', 'pv': 'https://atb.nrel.gov/electricity/2024/utility-scale_pv', 'battery': 'https://www.nrel.gov/docs/fy23osti/85332.pdf'}",0.8069013377417902,True,True,2.6622860582858898e-05,fixed_nominal
battery_capex_low,one_factor,battery_capex_multiplier,1.0,0.2317610498,1.0,1.0,1.0,0.8,0.95,w=bergey_excel_15:131|pv=trina_tsm_450_neg9r28__fronius_tauro_eco_100:83|b=tesla_megapack_2h:4,bergey_excel_15,131,trina_tsm_450_neg9r28__fronius_tauro_eco_100,83,tesla_megapack_2h,4,2043.6,8291.7,8300.0,15416.0,community_facility_like,8020000.0,14458658.578163773,2869335.5923228464,11589322.985840926,7681605.344050198,0.9578061526247129,0.04219384737528707,338394.6559498023,570,113,1698.8656504785536,6676648.175957913,1250113.2105053004,1149708.1523496273,412.85991107535347,2.989545464515686e-07,35030739.6,46290535.835892536,2658366.922315759,"{'wind': 'distributed_wind_reference', 'pv': 'utility_scale_pv', 'battery': 'generic_lithium_ion_storage_reference'}","{'wind': '8425.0 USD/kW', 'pv': '1430.0 USD/kWac', 'battery': '482.0 USD/kWh'}","{'wind': 'https://www.nrel.gov/docs/fy24osti/88335.pdf', 'pv': 'https://atb.nrel.gov/electricity/2024/utility-scale_pv', 'battery': 'https://www.nrel.gov/docs/fy23osti/85332.pdf'}",0.3460691877870037,True,False,0.007806152624712959,fixed_nominal
battery_capex_low,one_factor,battery_capex_multiplier,1.0,0.2317610498,1.0,1.0,1.0,0.8,0.95,w=bergey_excel_15:131|pv=trina_tsm_450_neg9r28__fronius_tauro_eco_100:83|b=tesla_megapack_2h:4,bergey_excel_15,131,trina_tsm_450_neg9r28__fronius_tauro_eco_100,83,tesla_megapack_2h,4,2043.6,8291.7,8300.0,15416.0,flat_within_month,8020000.0,14458658.578163773,2869335.5923228464,11589322.985840926,7647318.464583826,0.9535309806214247,0.04646901937857523,372681.53541617334,528,48,954.3010752688172,6591025.663604181,2753930.624697066,2533616.174721296,0.0,7.729977369308472e-08,35030739.6,46290535.835892536,2658366.922315759,"{'wind': 'distributed_wind_reference', 'pv': 'utility_scale_pv', 'battery': 'generic_lithium_ion_storage_reference'}","{'wind': '8425.0 USD/kW', 'pv': '1430.0 USD/kWac', 'battery': '482.0 USD/kWh'}","{'wind': 'https://www.nrel.gov/docs/fy24osti/88335.pdf', 'pv': 'https://atb.nrel.gov/electricity/2024/utility-scale_pv', 'battery': 'https://www.nrel.gov/docs/fy23osti/85332.pdf'}",0.3476207947435637,True,False,0.003530980621424762,fixed_nominal
battery_capex_low,one_factor,battery_capex_multiplier,1.0,0.2317610498,1.0,1.0,1.0,0.8,0.95,w=bergey_excel_15:131|pv=trina_tsm_450_neg9r28__fronius_tauro_eco_100:83|b=tesla_megapack_2h:4,bergey_excel_15,131,trina_tsm_450_neg9r28__fronius_tauro_eco_100,83,tesla_megapack_2h,4,2043.6,8291.7,8300.0,15416.0,residential_like,8020000.0,14458658.578163773,2869335.5923228464,11589322.985840926,7622014.453945452,0.9503758670754928,0.049624132924507215,397985.5460545479,532,41,1541.5632754342432,6589556.187030089,3088599.2148529533,2841511.277664723,0.0,9.336508810520172e-08,35030739.6,46290535.835892536,2658366.922315759,"{'wind': 'distributed_wind_reference', 'pv': 'utility_scale_pv', 'battery': 'generic_lithium_ion_storage_reference'}","{'wind': '8425.0 USD/kW', 'pv': '1430.0 USD/kWac', 'battery': '482.0 USD/kWh'}","{'wind': 'https://www.nrel.gov/docs/fy24osti/88335.pdf', 'pv': 'https://atb.nrel.gov/electricity/2024/utility-scale_pv', 'battery': 'https://www.nrel.gov/docs/fy23osti/85332.pdf'}",0.3487748466469628,True,False,0.0003758670754928639,fixed_nominal
battery_capex_low,one_factor,battery_capex_multiplier,1.0,0.2317610498,1.0,1.0,1.0,0.8,0.99,w=bergey_excel_15:319|pv=trina_tsm_450_neg9r28__fronius_tauro_eco_100:202|b=tesla_megapack_2h:6,bergey_excel_15,319,trina_tsm_450_neg9r28__fronius_tauro_eco_100,202,tesla_megapack_2h,6,4976.4,20179.800000000003,20200.0,23124.0,community_facility_like,8020000.0,35192500.995976694,6987160.717183115,28205340.278793577,7950358.9514392,0.9913165774861846,0.008683422513815408,69641.04856079958,124,34,1698.8656504785536,27160877.11172396,753008.9045771208,671743.9717636103,21919.26503792342,3.873283276334405e-07,79728784.4,101155108.70869978,5809122.537872161,"{'wind': 'distributed_wind_reference', 'pv': 'utility_scale_pv', 'battery': 'generic_lithium_ion_storage_reference'}","{'wind': '8425.0 USD/kW', 'pv': '1430.0 USD/kWac', 'battery': '482.0 USD/kWh'}","{'wind': 'https://www.nrel.gov/docs/fy24osti/88335.pdf', 'pv': 'https://atb.nrel.gov/electricity/2024/utility-scale_pv', 'battery': 'https://www.nrel.gov/docs/fy23osti/85332.pdf'}",0.7306742467043673,True,True,0.0013165774861846335,fixed_nominal
battery_capex_low,one_factor,battery_capex_multiplier,1.0,0.2317610498,1.0,1.0,1.0,0.8,0.99,w=bergey_excel_15:319|pv=trina_tsm_450_neg9r28__fronius_tauro_eco_100:202|b=tesla_megapack_2h:6,bergey_excel_15,319,trina_tsm_450_neg9r28__fronius_tauro_eco_100,202,tesla_megapack_2h,6,4976.4,20179.800000000003,20200.0,23124.0,flat_within_month,8020000.0,35192500.995976694,6987160.717183115,28205340.278793577,7940242.960117404,0.9900552319348385,0.00994476806516156,79757.03988259571,105,17,954.3010752688172,27085512.22266995,1847662.7382929728,1680916.925103574,19738.802368187386,1.3684621080756187e-07,79728784.4,101155108.70869978,5809122.537872161,"{'wind': 'distributed_wind_reference', 'pv': 'utility_scale_pv', 'battery': 'generic_lithium_ion_storage_reference'}","{'wind': '8425.0 USD/kW', 'pv': '1430.0 USD/kWac', 'battery': '482.0 USD/kWh'}","{'wind': 'https://www.nrel.gov/docs/fy24osti/88335.pdf', 'pv': 'https://atb.nrel.gov/electricity/2024/utility-scale_pv', 'battery': 'https://www.nrel.gov/docs/fy23osti/85332.pdf'}",0.731605136902041,True,True,5.523193483847333e-05,fixed_nominal
battery_capex_low,one_factor,battery_capex_multiplier,1.0,0.2317610498,1.0,1.0,1.0,0.8,0.99,w=bergey_excel_15:319|pv=trina_tsm_450_neg9r28__fronius_tauro_eco_100:202|b=tesla_megapack_2h:6,bergey_excel_15,319,trina_tsm_450_neg9r28__fronius_tauro_eco_100,202,tesla_megapack_2h,6,4976.4,20179.800000000003,20200.0,23124.0,residential_like,8020000.0,35192500.995976694,6987160.717183115,28205340.278793577,7940013.515341874,0.9900266228605829,0.00997337713941716,79986.48465812563,109,16,1541.5632754342432,27074060.126413558,2031969.094545262,1853541.7403240707,16545.438033457525,2.922752173617482e-07,79728784.4,101155108.70869978,5809122.537872161,"{'wind': 'distributed_wind_reference', 'pv': 'utility_scale_pv', 'battery': 'generic_lithium_ion_storage_reference'}","{'wind': '8425.0 USD/kW', 'pv': '1430.0 USD/kWac', 'battery': '482.0 USD/kWh'}","{'wind': 'https://www.nrel.gov/docs/fy24osti/88335.pdf', 'pv': 'https://atb.nrel.gov/electricity/2024/utility-scale_pv', 'battery': 'https://www.nrel.gov/docs/fy23osti/85332.pdf'}",0.7316262782988521,True,True,2.6622860582858898e-05,fixed_nominal
battery_capex_high,one_factor,battery_capex_multiplier,1.0,0.2317610498,1.0,1.0,1.0,1.2,0.95,w=bergey_excel_15:131|pv=trina_tsm_450_neg9r28__fronius_tauro_eco_100:83|b=tesla_megapack_2h:4,bergey_excel_15,131,trina_tsm_450_neg9r28__fronius_tauro_eco_100,83,tesla_megapack_2h,4,2043.6,8291.7,8300.0,15416.0,community_facility_like,8020000.0,14458658.578163773,2869335.5923228464,11589322.985840926,7681605.344050198,0.9578061526247129,0.04219384737528707,338394.6559498023,570,113,1698.8656504785536,6676648.175957913,1250113.2105053004,1149708.1523496273,412.85991107535347,2.989545464515686e-07,38002944.4,52464371.82566054,3012917.1793528823,"{'wind': 'distributed_wind_reference', 'pv': 'utility_scale_pv', 'battery': 'generic_lithium_ion_storage_reference'}","{'wind': '8425.0 USD/kW', 'pv': '1430.0 USD/kWac', 'battery': '482.0 USD/kWh'}","{'wind': 'https://www.nrel.gov/docs/fy24osti/88335.pdf', 'pv': 'https://atb.nrel.gov/electricity/2024/utility-scale_pv', 'battery': 'https://www.nrel.gov/docs/fy23osti/85332.pdf'}",0.39222493794041935,True,False,0.007806152624712959,fixed_nominal
battery_capex_high,one_factor,battery_capex_multiplier,1.0,0.2317610498,1.0,1.0,1.0,1.2,0.95,w=bergey_excel_15:131|pv=trina_tsm_450_neg9r28__fronius_tauro_eco_100:83|b=tesla_megapack_2h:4,bergey_excel_15,131,trina_tsm_450_neg9r28__fronius_tauro_eco_100,83,tesla_megapack_2h,4,2043.6,8291.7,8300.0,15416.0,flat_within_month,8020000.0,14458658.578163773,2869335.5923228464,11589322.985840926,7647318.464583826,0.9535309806214247,0.04646901937857523,372681.53541617334,528,48,954.3010752688172,6591025.663604181,2753930.624697066,2533616.174721296,0.0,7.729977369308472e-08,38002944.4,52464371.82566054,3012917.1793528823,"{'wind': 'distributed_wind_reference', 'pv': 'utility_scale_pv', 'battery': 'generic_lithium_ion_storage_reference'}","{'wind': '8425.0 USD/kW', 'pv': '1430.0 USD/kWac', 'battery': '482.0 USD/kWh'}","{'wind': 'https://www.nrel.gov/docs/fy24osti/88335.pdf', 'pv': 'https://atb.nrel.gov/electricity/2024/utility-scale_pv', 'battery': 'https://www.nrel.gov/docs/fy23osti/85332.pdf'}",0.3939834849700937,True,False,0.003530980621424762,fixed_nominal
battery_capex_high,one_factor,battery_capex_multiplier,1.0,0.2317610498,1.0,1.0,1.0,1.2,0.95,w=bergey_excel_15:131|pv=trina_tsm_450_neg9r28__fronius_tauro_eco_100:83|b=tesla_megapack_2h:4,bergey_excel_15,131,trina_tsm_450_neg9r28__fronius_tauro_eco_100,83,tesla_megapack_2h,4,2043.6,8291.7,8300.0,15416.0,residential_like,8020000.0,14458658.578163773,2869335.5923228464,11589322.985840926,7622014.453945452,0.9503758670754928,0.049624132924507215,397985.5460545479,532,41,1541.5632754342432,6589556.187030089,3088599.2148529533,2841511.277664723,0.0,9.336508810520172e-08,38002944.4,52464371.82566054,3012917.1793528823,"{'wind': 'distributed_wind_reference', 'pv': 'utility_scale_pv', 'battery': 'generic_lithium_ion_storage_reference'}","{'wind': '8425.0 USD/kW', 'pv': '1430.0 USD/kWac', 'battery': '482.0 USD/kWh'}","{'wind': 'https://www.nrel.gov/docs/fy24osti/88335.pdf', 'pv': 'https://atb.nrel.gov/electricity/2024/utility-scale_pv', 'battery': 'https://www.nrel.gov/docs/fy23osti/85332.pdf'}",0.3952914544518187,True,False,0.0003758670754928639,fixed_nominal
battery_capex_high,one_factor,battery_capex_multiplier,1.0,0.2317610498,1.0,1.0,1.0,1.2,0.99,w=bergey_excel_15:319|pv=trina_tsm_450_neg9r28__fronius_tauro_eco_100:202|b=tesla_megapack_2h:6,bergey_excel_15,319,trina_tsm_450_neg9r28__fronius_tauro_eco_100,202,tesla_megapack_2h,6,4976.4,20179.800000000003,20200.0,23124.0,community_facility_like,8020000.0,35192500.995976694,6987160.717183115,28205340.278793577,7950358.9514392,0.9913165774861846,0.008683422513815408,69641.04856079958,124,34,1698.8656504785536,27160877.11172396,753008.9045771208,671743.9717636103,21919.26503792342,3.873283276334405e-07,84187091.6,110415862.69335179,6340947.923427845,"{'wind': 'distributed_wind_reference', 'pv': 'utility_scale_pv', 'battery': 'generic_lithium_ion_storage_reference'}","{'wind': '8425.0 USD/kW', 'pv': '1430.0 USD/kWac', 'battery': '482.0 USD/kWh'}","{'wind': 'https://www.nrel.gov/docs/fy24osti/88335.pdf', 'pv': 'https://atb.nrel.gov/electricity/2024/utility-scale_pv', 'battery': 'https://www.nrel.gov/docs/fy23osti/85332.pdf'}",0.7975675013113699,True,True,0.0013165774861846335,fixed_nominal
battery_capex_high,one_factor,battery_capex_multiplier,1.0,0.2317610498,1.0,1.0,1.0,1.2,0.99,w=bergey_excel_15:319|pv=trina_tsm_450_neg9r28__fronius_tauro_eco_100:202|b=tesla_megapack_2h:6,bergey_excel_15,319,trina_tsm_450_neg9r28__fronius_tauro_eco_100,202,tesla_megapack_2h,6,4976.4,20179.800000000003,20200.0,23124.0,flat_within_month,8020000.0,35192500.995976694,6987160.717183115,28205340.278793577,7940242.960117404,0.9900552319348385,0.00994476806516156,79757.03988259571,105,17,954.3010752688172,27085512.22266995,1847662.7382929728,1680916.925103574,19738.802368187386,1.3684621080756187e-07,84187091.6,110415862.69335179,6340947.923427845,"{'wind': 'distributed_wind_reference', 'pv': 'utility_scale_pv', 'battery': 'generic_lithium_ion_storage_reference'}","{'wind': '8425.0 USD/kW', 'pv': '1430.0 USD/kWac', 'battery': '482.0 USD/kWh'}","{'wind': 'https://www.nrel.gov/docs/fy24osti/88335.pdf', 'pv': 'https://atb.nrel.gov/electricity/2024/utility-scale_pv', 'battery': 'https://www.nrel.gov/docs/fy23osti/85332.pdf'}",0.7985836145414482,True,True,5.523193483847333e-05,fixed_nominal
battery_capex_high,one_factor,battery_capex_multiplier,1.0,0.2317610498,1.0,1.0,1.0,1.2,0.99,w=bergey_excel_15:319|pv=trina_tsm_450_neg9r28__fronius_tauro_eco_100:202|b=tesla_megapack_2h:6,bergey_excel_15,319,trina_tsm_450_neg9r28__fronius_tauro_eco_100,202,tesla_megapack_2h,6,4976.4,20179.800000000003,20200.0,23124.0,residential_like,8020000.0,35192500.995976694,6987160.717183115,28205340.278793577,7940013.515341874,0.9900266228605829,0.00997337713941716,79986.48465812563,109,16,1541.5632754342432,27074060.126413558,2031969.094545262,1853541.7403240707,16545.438033457525,2.922752173617482e-07,84187091.6,110415862.69335179,6340947.923427845,"{'wind': 'distributed_wind_reference', 'pv': 'utility_scale_pv', 'battery': 'generic_lithium_ion_storage_reference'}","{'wind': '8425.0 USD/kW', 'pv': '1430.0 USD/kWac', 'battery': '482.0 USD/kWh'}","{'wind': 'https://www.nrel.gov/docs/fy24osti/88335.pdf', 'pv': 'https://atb.nrel.gov/electricity/2024/utility-scale_pv', 'battery': 'https://www.nrel.gov/docs/fy23osti/85332.pdf'}",0.7986066914339279,True,True,2.6622860582858898e-05,fixed_nominal
resource_stress,combined,physical_combination,1.1,0.27811325976,0.9,1.0,1.0,1.0,0.95,w=bergey_excel_15:131|pv=trina_tsm_450_neg9r28__fronius_tauro_eco_100:83|b=tesla_megapack_2h:4,bergey_excel_15,131,trina_tsm_450_neg9r28__fronius_tauro_eco_100,83,tesla_megapack_2h,4,2043.6,8291.7,8300.0,15416.0,community_facility_like,8822000.0,12845565.824994262,2415175.137737428,10430390.687256835,8226839.39540575,0.9325367711863239,0.0674632288136761,595160.6045942506,889,122,1868.7522155264091,4494828.233650849,1546516.4743553353,1422618.278417667,184.4080514329249,4.6566128730773926e-09,36516842.0,49377453.830776535,2835642.0508343205,"{'wind': 'distributed_wind_reference', 'pv': 'utility_scale_pv', 'battery': 'generic_lithium_ion_storage_reference'}","{'wind': '8425.0 USD/kW', 'pv': '1430.0 USD/kWac', 'battery': '482.0 USD/kWh'}","{'wind': 'https://www.nrel.gov/docs/fy24osti/88335.pdf', 'pv': 'https://atb.nrel.gov/electricity/2024/utility-scale_pv', 'battery': 'https://www.nrel.gov/docs/fy23osti/85332.pdf'}",0.3446818291381591,False,False,-0.017463228813676013,fixed_nominal
resource_stress,combined,physical_combination,1.1,0.27811325976,0.9,1.0,1.0,1.0,0.95,w=bergey_excel_15:131|pv=trina_tsm_450_neg9r28__fronius_tauro_eco_100:83|b=tesla_megapack_2h:4,bergey_excel_15,131,trina_tsm_450_neg9r28__fronius_tauro_eco_100,83,tesla_megapack_2h,4,2043.6,8291.7,8300.0,15416.0,flat_within_month,8822000.0,12845565.824994262,2415175.137737428,10430390.687256835,8140158.646096168,0.9227112498408715,0.0772887501591285,681841.3539038317,892,83,1049.731182795699,4447548.026143636,3223239.4094307325,2965380.2566762534,0.0,5.844049155712128e-08,36516842.0,49377453.830776535,2835642.0508343205,"{'wind': 'distributed_wind_reference', 'pv': 'utility_scale_pv', 'battery': 'generic_lithium_ion_storage_reference'}","{'wind': '8425.0 USD/kW', 'pv': '1430.0 USD/kWac', 'battery': '482.0 USD/kWh'}","{'wind': 'https://www.nrel.gov/docs/fy24osti/88335.pdf', 'pv': 'https://atb.nrel.gov/electricity/2024/utility-scale_pv', 'battery': 'https://www.nrel.gov/docs/fy23osti/85332.pdf'}",0.34835218502703613,False,False,-0.02728875015912846,fixed_nominal
resource_stress,combined,physical_combination,1.1,0.27811325976,0.9,1.0,1.0,1.0,0.95,w=bergey_excel_15:131|pv=trina_tsm_450_neg9r28__fronius_tauro_eco_100:83|b=tesla_megapack_2h:4,bergey_excel_15,131,trina_tsm_450_neg9r28__fronius_tauro_eco_100,83,tesla_megapack_2h,4,2043.6,8291.7,8300.0,15416.0,residential_like,8822000.0,12845565.824994262,2415175.137737428,10430390.687256835,8090341.003870651,0.9170642715790809,0.08293572842091916,731658.9961293489,909,48,1695.7196029776676,4468901.536800956,3579041.0540332925,3292717.769710641,0.0,1.0104849934577942e-07,36516842.0,49377453.830776535,2835642.0508343205,"{'wind': 'distributed_wind_reference', 'pv': 'utility_scale_pv', 'battery': 'generic_lithium_ion_storage_reference'}","{'wind': '8425.0 USD/kW', 'pv': '1430.0 USD/kWac', 'battery': '482.0 USD/kWh'}","{'wind': 'https://www.nrel.gov/docs/fy24osti/88335.pdf', 'pv': 'https://atb.nrel.gov/electricity/2024/utility-scale_pv', 'battery': 'https://www.nrel.gov/docs/fy23osti/85332.pdf'}",0.3504972224876143,False,False,-0.032935728420919075,fixed_nominal
resource_stress,combined,physical_combination,1.1,0.27811325976,0.9,1.0,1.0,1.0,0.99,w=bergey_excel_15:319|pv=trina_tsm_450_neg9r28__fronius_tauro_eco_100:202|b=tesla_megapack_2h:6,bergey_excel_15,319,trina_tsm_450_neg9r28__fronius_tauro_eco_100,202,tesla_megapack_2h,6,4976.4,20179.800000000003,20200.0,23124.0,community_facility_like,8822000.0,31266034.258076355,5881228.007162133,25384806.250914223,8712455.789173765,0.9875828371314628,0.012417162868537186,109544.21082623505,167,42,1868.7522155264091,22460281.82689652,991486.1772622174,898189.5352560956,14572.809487992567,1.3360113371163607e-07,81957938.0,105785485.70102578,6075035.230650003,"{'wind': 'distributed_wind_reference', 'pv': 'utility_scale_pv', 'battery': 'generic_lithium_ion_storage_reference'}","{'wind': '8425.0 USD/kW', 'pv': '1430.0 USD/kWac', 'battery': '482.0 USD/kWh'}","{'wind': 'https://www.nrel.gov/docs/fy24osti/88335.pdf', 'pv': 'https://atb.nrel.gov/electricity/2024/utility-scale_pv', 'battery': 'https://www.nrel.gov/docs/fy23osti/85332.pdf'}",0.6972816135490681,True,False,-0.002417162868537215,fixed_nominal
resource_stress,combined,physical_combination,1.1,0.27811325976,0.9,1.0,1.0,1.0,0.99,w=bergey_excel_15:319|pv=trina_tsm_450_neg9r28__fronius_tauro_eco_100:202|b=tesla_megapack_2h:6,bergey_excel_15,319,trina_tsm_450_neg9r28__fronius_tauro_eco_100,202,tesla_megapack_2h,6,4976.4,20179.800000000003,20200.0,23124.0,flat_within_month,8822000.0,31266034.258076355,5881228.007162133,25384806.250914223,8696315.761674419,0.9857533168980298,0.014246683101970168,125684.23832558082,145,36,1049.731182795699,22365534.744124245,2397357.3796286914,2193173.6273509767,12922.849611341942,1.601874828338623e-07,81957938.0,105785485.70102578,6075035.230650003,"{'wind': 'distributed_wind_reference', 'pv': 'utility_scale_pv', 'battery': 'generic_lithium_ion_storage_reference'}","{'wind': '8425.0 USD/kW', 'pv': '1430.0 USD/kWac', 'battery': '482.0 USD/kWh'}","{'wind': 'https://www.nrel.gov/docs/fy24osti/88335.pdf', 'pv': 'https://atb.nrel.gov/electricity/2024/utility-scale_pv', 'battery': 'https://www.nrel.gov/docs/fy23osti/85332.pdf'}",0.698575741398826,True,False,-0.004246683101970183,fixed_nominal
resource_stress,combined,physical_combination,1.1,0.27811325976,0.9,1.0,1.0,1.0,0.99,w=bergey_excel_15:319|pv=trina_tsm_450_neg9r28__fronius_tauro_eco_100:202|b=tesla_megapack_2h:6,bergey_excel_15,319,trina_tsm_450_neg9r28__fronius_tauro_eco_100,202,tesla_megapack_2h,6,4976.4,20179.800000000003,20200.0,23124.0,residential_like,8822000.0,31266034.258076355,5881228.007162133,25384806.250914223,8694199.289780699,0.9855134084992858,0.014486591500714166,127800.71021930038,145,17,1695.7196029776676,22352090.74896236,2638642.33852616,2418898.1191928587,9021.201233978585,2.0925654098391533e-08,81957938.0,105785485.70102578,6075035.230650003,"{'wind': 'distributed_wind_reference', 'pv': 'utility_scale_pv', 'battery': 'generic_lithium_ion_storage_reference'}","{'wind': '8425.0 USD/kW', 'pv': '1430.0 USD/kWac', 'battery': '482.0 USD/kWh'}","{'wind': 'https://www.nrel.gov/docs/fy24osti/88335.pdf', 'pv': 'https://atb.nrel.gov/electricity/2024/utility-scale_pv', 'battery': 'https://www.nrel.gov/docs/fy23osti/85332.pdf'}",0.6987457991434239,True,False,-0.0044865915007141766,fixed_nominal
resource_favorable,combined,physical_combination,0.9,0.18540883984,1.1,1.0,1.0,1.0,0.95,w=bergey_excel_15:131|pv=trina_tsm_450_neg9r28__fronius_tauro_eco_100:83|b=tesla_megapack_2h:4,bergey_excel_15,131,trina_tsm_450_neg9r28__fronius_tauro_eco_100,83,tesla_megapack_2h,4,2043.6,8291.7,8300.0,15416.0,community_facility_like,7218000.0,16128615.4166296,3380360.1322045787,12748255.28442502,7034972.075870007,0.9746428478622897,0.025357152137710264,183027.9241299927,333,91,1528.9790854306982,9015642.868816165,960142.8768452965,882142.4049018646,1239.6617667133496,1.0468647815287113e-07,36516842.0,49377453.830776535,2835642.0508343205,"{'wind': 'distributed_wind_reference', 'pv': 'utility_scale_pv', 'battery': 'generic_lithium_ion_storage_reference'}","{'wind': '8425.0 USD/kW', 'pv': '1430.0 USD/kWac', 'battery': '482.0 USD/kWh'}","{'wind': 'https://www.nrel.gov/docs/fy24osti/88335.pdf', 'pv': 'https://atb.nrel.gov/electricity/2024/utility-scale_pv', 'battery': 'https://www.nrel.gov/docs/fy23osti/85332.pdf'}",0.4030779397917709,True,False,0.024642847862289763,fixed_nominal
resource_favorable,combined,physical_combination,0.9,0.18540883984,1.1,1.0,1.0,1.0,0.95,w=bergey_excel_15:131|pv=trina_tsm_450_neg9r28__fronius_tauro_eco_100:83|b=tesla_megapack_2h:4,bergey_excel_15,131,trina_tsm_450_neg9r28__fronius_tauro_eco_100,83,tesla_megapack_2h,4,2043.6,8291.7,8300.0,15416.0,flat_within_month,7218000.0,16128615.4166296,3380360.1322045787,12748255.28442502,7006787.492917057,0.9707380843609112,0.029261915639088774,211212.5070829428,324,41,858.8709677419355,8943779.378245661,2210876.3348053377,2032827.7893384711,1228.6072568478794,8.908682502806187e-08,36516842.0,49377453.830776535,2835642.0508343205,"{'wind': 'distributed_wind_reference', 'pv': 'utility_scale_pv', 'battery': 'generic_lithium_ion_storage_reference'}","{'wind': '8425.0 USD/kW', 'pv': '1430.0 USD/kWac', 'battery': '482.0 USD/kWh'}","{'wind': 'https://www.nrel.gov/docs/fy24osti/88335.pdf', 'pv': 'https://atb.nrel.gov/electricity/2024/utility-scale_pv', 'battery': 'https://www.nrel.gov/docs/fy23osti/85332.pdf'}",0.40469930816380295,True,False,0.02073808436091129,fixed_nominal
resource_favorable,combined,physical_combination,0.9,0.18540883984,1.1,1.0,1.0,1.0,0.95,w=bergey_excel_15:131|pv=trina_tsm_450_neg9r28__fronius_tauro_eco_100:83|b=tesla_megapack_2h:4,bergey_excel_15,131,trina_tsm_450_neg9r28__fronius_tauro_eco_100,83,tesla_megapack_2h,4,2043.6,8291.7,8300.0,15416.0,residential_like,7218000.0,16128615.4166296,3380360.1322045787,12748255.28442502,6991377.509058464,0.9686031461704716,0.03139685382952834,226622.49094153554,337,39,1387.4069478908189,8938028.038130265,2489423.1484019044,2290213.2789610308,58.40235259754708,6.254413165152073e-08,36516842.0,49377453.830776535,2835642.0508343205,"{'wind': 'distributed_wind_reference', 'pv': 'utility_scale_pv', 'battery': 'generic_lithium_ion_storage_reference'}","{'wind': '8425.0 USD/kW', 'pv': '1430.0 USD/kWac', 'battery': '482.0 USD/kWh'}","{'wind': 'https://www.nrel.gov/docs/fy24osti/88335.pdf', 'pv': 'https://atb.nrel.gov/electricity/2024/utility-scale_pv', 'battery': 'https://www.nrel.gov/docs/fy23osti/85332.pdf'}",0.40559132261993946,True,False,0.01860314617047165,fixed_nominal
resource_favorable,combined,physical_combination,0.9,0.18540883984,1.1,1.0,1.0,1.0,0.99,w=bergey_excel_15:319|pv=trina_tsm_450_neg9r28__fronius_tauro_eco_100:202|b=tesla_megapack_2h:6,bergey_excel_15,319,trina_tsm_450_neg9r28__fronius_tauro_eco_100,202,tesla_megapack_2h,6,4976.4,20179.800000000003,20200.0,23124.0,community_facility_like,7218000.0,39257438.292728364,8231563.986055424,31025874.30667294,7187663.726984463,0.9957971359080718,0.004202864091928166,30336.273015537503,71,20,1528.9790854306982,32002175.33786237,567743.3281552237,500144.1002737871,23124.0,2.3096799850463867e-07,81957938.0,105785485.70102578,6075035.230650003,"{'wind': 'distributed_wind_reference', 'pv': 'utility_scale_pv', 'battery': 'generic_lithium_ion_storage_reference'}","{'wind': '8425.0 USD/kW', 'pv': '1430.0 USD/kWac', 'battery': '482.0 USD/kWh'}","{'wind': 'https://www.nrel.gov/docs/fy24osti/88335.pdf', 'pv': 'https://atb.nrel.gov/electricity/2024/utility-scale_pv', 'battery': 'https://www.nrel.gov/docs/fy23osti/85332.pdf'}",0.8452030397363546,True,True,0.005797135908071849,fixed_nominal
resource_favorable,combined,physical_combination,0.9,0.18540883984,1.1,1.0,1.0,1.0,0.99,w=bergey_excel_15:319|pv=trina_tsm_450_neg9r28__fronius_tauro_eco_100:202|b=tesla_megapack_2h:6,bergey_excel_15,319,trina_tsm_450_neg9r28__fronius_tauro_eco_100,202,tesla_megapack_2h,6,4976.4,20179.800000000003,20200.0,23124.0,flat_within_month,7218000.0,39257438.292728364,8231563.986055424,31025874.30667294,7178629.101511759,0.994545456014375,0.005454543985624955,39370.89848824093,64,14,858.8709677419355,31945660.568740506,1388825.2702546844,1255676.6477784785,22981.00000873781,5.252659320831299e-07,81957938.0,105785485.70102578,6075035.230650003,"{'wind': 'distributed_wind_reference', 'pv': 'utility_scale_pv', 'battery': 'generic_lithium_ion_storage_reference'}","{'wind': '8425.0 USD/kW', 'pv': '1430.0 USD/kWac', 'battery': '482.0 USD/kWh'}","{'wind': 'https://www.nrel.gov/docs/fy24osti/88335.pdf', 'pv': 'https://atb.nrel.gov/electricity/2024/utility-scale_pv', 'battery': 'https://www.nrel.gov/docs/fy23osti/85332.pdf'}",0.8462667655263945,True,True,0.00454545601437506,fixed_nominal
resource_favorable,combined,physical_combination,0.9,0.18540883984,1.1,1.0,1.0,1.0,0.99,w=bergey_excel_15:319|pv=trina_tsm_450_neg9r28__fronius_tauro_eco_100:202|b=tesla_megapack_2h:6,bergey_excel_15,319,trina_tsm_450_neg9r28__fronius_tauro_eco_100,202,tesla_megapack_2h,6,4976.4,20179.800000000003,20200.0,23124.0,residential_like,7218000.0,39257438.292728364,8231563.986055424,31025874.30667294,7178655.487108859,0.9945491115418204,0.005450888458179602,39344.512891140366,67,14,1387.4069478908189,31937619.28244617,1524854.1230385257,1383690.5998652577,19991.521008367123,2.1979212760925293e-07,81957938.0,105785485.70102578,6075035.230650003,"{'wind': 'distributed_wind_reference', 'pv': 'utility_scale_pv', 'battery': 'generic_lithium_ion_storage_reference'}","{'wind': '8425.0 USD/kW', 'pv': '1430.0 USD/kWac', 'battery': '482.0 USD/kWh'}","{'wind': 'https://www.nrel.gov/docs/fy24osti/88335.pdf', 'pv': 'https://atb.nrel.gov/electricity/2024/utility-scale_pv', 'battery': 'https://www.nrel.gov/docs/fy23osti/85332.pdf'}",0.8462636550199835,True,True,0.004549111541820361,fixed_nominal
